Date;DayOfWeek;Month;Hour;Price (EUR)
01/01/25;2;1;1;138,7
01/01/25;2;1;2;134,06
01/01/25;2;1;3;124,42
01/01/25;2;1;4;84,48
01/01/25;2;1;5;64,28
01/01/25;2;1;6;66,7
01/01/25;2;1;7;62,42
01/01/25;2;1;8;56,78
01/01/25;2;1;9;29,22
01/01/25;2;1;10;41,43
01/01/25;2;1;11;28,98
01/01/25;2;1;12;32,8
01/01/25;2;1;13;36,56
01/01/25;2;1;14;53,17
01/01/25;2;1;15;66,8
01/01/25;2;1;16;90,51
01/01/25;2;1;17;120,79
01/01/25;2;1;18;145,37
01/01/25;2;1;19;142,1
01/01/25;2;1;20;149,55
01/01/25;2;1;21;139,62
01/01/25;2;1;22;131,4
01/01/25;2;1;23;107,6
01/01/25;2;1;24;65,1
01/02/25;3;1;1;57,07
01/02/25;3;1;2;67,8
01/02/25;3;1;3;70,66
01/02/25;3;1;4;45,61
01/02/25;3;1;5;52,68
01/02/25;3;1;6;72,84
01/02/25;3;1;7;114,75
01/02/25;3;1;8;139
01/02/25;3;1;9;129,07
01/02/25;3;1;10;129,78
01/02/25;3;1;11;128,35
01/02/25;3;1;12;123,15
01/02/25;3;1;13;121,94
01/02/25;3;1;14;116,3
01/02/25;3;1;15;124,51
01/02/25;3;1;16;130,11
01/02/25;3;1;17;159,64
01/02/25;3;1;18;170
01/02/25;3;1;19;159,64
01/02/25;3;1;20;159,64
01/02/25;3;1;21;131,19
01/02/25;3;1;22;123,8
01/02/25;3;1;23;116,81
01/02/25;3;1;24;95,74
01/03/25;4;1;1;110,35
01/03/25;4;1;2;93,56
01/03/25;4;1;3;88,89
01/03/25;4;1;4;96,51
01/03/25;4;1;5;99,78
01/03/25;4;1;6;105
01/03/25;4;1;7;121,98
01/03/25;4;1;8;141
01/03/25;4;1;9;141,68
01/03/25;4;1;10;137,29
01/03/25;4;1;11;123,59
01/03/25;4;1;12;110,35
01/03/25;4;1;13;110,34
01/03/25;4;1;14;109,11
01/03/25;4;1;15;117
01/03/25;4;1;16;132,2
01/03/25;4;1;17;158,05
01/03/25;4;1;18;152
01/03/25;4;1;19;150
01/03/25;4;1;20;149,66
01/03/25;4;1;21;138,09
01/03/25;4;1;22;122,13
01/03/25;4;1;23;129,58
01/03/25;4;1;24;123,92
01/04/25;5;1;1;110,98
01/04/25;5;1;2;105,09
01/04/25;5;1;3;98,81
01/04/25;5;1;4;97,34
01/04/25;5;1;5;99,09
01/04/25;5;1;6;104,51
01/04/25;5;1;7;111,75
01/04/25;5;1;8;128,99
01/04/25;5;1;9;128,39
01/04/25;5;1;10;130,75
01/04/25;5;1;11;130,34
01/04/25;5;1;12;128,29
01/04/25;5;1;13;130,03
01/04/25;5;1;14;129,85
01/04/25;5;1;15;136,4
01/04/25;5;1;16;143,93
01/04/25;5;1;17;191,68
01/04/25;5;1;18;189,26
01/04/25;5;1;19;191
01/04/25;5;1;20;192,33
01/04/25;5;1;21;160,19
01/04/25;5;1;22;153,29
01/04/25;5;1;23;147,08
01/04/25;5;1;24;121,99
01/05/25;6;1;1;112,62
01/05/25;6;1;2;110,34
01/05/25;6;1;3;96,06
01/05/25;6;1;4;94,95
01/05/25;6;1;5;93,86
01/05/25;6;1;6;90,33
01/05/25;6;1;7;92,87
01/05/25;6;1;8;115,86
01/05/25;6;1;9;97,88
01/05/25;6;1;10;99,52
01/05/25;6;1;11;95,51
01/05/25;6;1;12;100,27
01/05/25;6;1;13;96,72
01/05/25;6;1;14;104,49
01/05/25;6;1;15;115,39
01/05/25;6;1;16;141,72
01/05/25;6;1;17;216,4
01/05/25;6;1;18;185,18
01/05/25;6;1;19;165
01/05/25;6;1;20;166
01/05/25;6;1;21;159,98
01/05/25;6;1;22;149,18
01/05/25;6;1;23;107,98
01/05/25;6;1;24;74,08
01/06/25;0;1;1;107,63
01/06/25;0;1;2;94,76
01/06/25;0;1;3;74,32
01/06/25;0;1;4;73,04
01/06/25;0;1;5;72,38
01/06/25;0;1;6;99,3
01/06/25;0;1;7;129,58
01/06/25;0;1;8;133,52
01/06/25;0;1;9;130,72
01/06/25;0;1;10;113,27
01/06/25;0;1;11;94,88
01/06/25;0;1;12;74,64
01/06/25;0;1;13;80,05
01/06/25;0;1;14;101,12
01/06/25;0;1;15;116,55
01/06/25;0;1;16;138,34
01/06/25;0;1;17;154,51
01/06/25;0;1;18;167,68
01/06/25;0;1;19;155,32
01/06/25;0;1;20;153,3
01/06/25;0;1;21;147,36
01/06/25;0;1;22;122,76
01/06/25;0;1;23;116,9
01/06/25;0;1;24;87,08
01/07/25;1;1;1;45,97
01/07/25;1;1;2;55,99
01/07/25;1;1;3;50,93
01/07/25;1;1;4;40,92
01/07/25;1;1;5;66,34
01/07/25;1;1;6;82,94
01/07/25;1;1;7;133,42
01/07/25;1;1;8;165,11
01/07/25;1;1;9;152,33
01/07/25;1;1;10;132,99
01/07/25;1;1;11;122,49
01/07/25;1;1;12;122,41
01/07/25;1;1;13;123,72
01/07/25;1;1;14;133,16
01/07/25;1;1;15;140,51
01/07/25;1;1;16;148,49
01/07/25;1;1;17;163,6
01/07/25;1;1;18;170
01/07/25;1;1;19;162,14
01/07/25;1;1;20;158,87
01/07/25;1;1;21;150
01/07/25;1;1;22;134,19
01/07/25;1;1;23;121,36
01/07/25;1;1;24;105,85
01/08/25;2;1;1;83,6
01/08/25;2;1;2;74,64
01/08/25;2;1;3;72,07
01/08/25;2;1;4;68,96
01/08/25;2;1;5;83,14
01/08/25;2;1;6;108,01
01/08/25;2;1;7;129,91
01/08/25;2;1;8;156,1
01/08/25;2;1;9;151,67
01/08/25;2;1;10;123,67
01/08/25;2;1;11;107,16
01/08/25;2;1;12;101,76
01/08/25;2;1;13;103,29
01/08/25;2;1;14;114,95
01/08/25;2;1;15;124,83
01/08/25;2;1;16;143,39
01/08/25;2;1;17;152,73
01/08/25;2;1;18;155,22
01/08/25;2;1;19;152,01
01/08/25;2;1;20;150,35
01/08/25;2;1;21;139
01/08/25;2;1;22;126,19
01/08/25;2;1;23;116,33
01/08/25;2;1;24;105,94
01/09/25;3;1;1;105,23
01/09/25;3;1;2;104,86
01/09/25;3;1;3;102,62
01/09/25;3;1;4;100,82
01/09/25;3;1;5;105
01/09/25;3;1;6;108,29
01/09/25;3;1;7;134,4
01/09/25;3;1;8;144,63
01/09/25;3;1;9;157,81
01/09/25;3;1;10;150,25
01/09/25;3;1;11;142,14
01/09/25;3;1;12;134
01/09/25;3;1;13;118,78
01/09/25;3;1;14;120,97
01/09/25;3;1;15;125,39
01/09/25;3;1;16;133,57
01/09/25;3;1;17;159,81
01/09/25;3;1;18;154,42
01/09/25;3;1;19;158
01/09/25;3;1;20;144,49
01/09/25;3;1;21;135
01/09/25;3;1;22;117,45
01/09/25;3;1;23;103,81
01/09/25;3;1;24;89,41
01/10/25;4;1;1;86,97
01/10/25;4;1;2;80,36
01/10/25;4;1;3;75,69
01/10/25;4;1;4;73,95
01/10/25;4;1;5;70,9
01/10/25;4;1;6;99,7
01/10/25;4;1;7;132,6
01/10/25;4;1;8;167,26
01/10/25;4;1;9;158,97
01/10/25;4;1;10;141,38
01/10/25;4;1;11;123,57
01/10/25;4;1;12;113,59
01/10/25;4;1;13;107,43
01/10/25;4;1;14;105,01
01/10/25;4;1;15;110,01
01/10/25;4;1;16;128,69
01/10/25;4;1;17;159,18
01/10/25;4;1;18;149,64
01/10/25;4;1;19;149,54
01/10/25;4;1;20;148,37
01/10/25;4;1;21;135
01/10/25;4;1;22;122,51
01/10/25;4;1;23;119,88
01/10/25;4;1;24;113,25
01/11/25;5;1;1;108,54
01/11/25;5;1;2;99,82
01/11/25;5;1;3;96,19
01/11/25;5;1;4;91,58
01/11/25;5;1;5;90,86
01/11/25;5;1;6;91,96
01/11/25;5;1;7;93,24
01/11/25;5;1;8;118,23
01/11/25;5;1;9;116,99
01/11/25;5;1;10;127,74
01/11/25;5;1;11;104,35
01/11/25;5;1;12;99,81
01/11/25;5;1;13;96,84
01/11/25;5;1;14;93,15
01/11/25;5;1;15;103,95
01/11/25;5;1;16;105,98
01/11/25;5;1;17;148,74
01/11/25;5;1;18;155,2
01/11/25;5;1;19;150
01/11/25;5;1;20;150,01
01/11/25;5;1;21;136,87
01/11/25;5;1;22;122,41
01/11/25;5;1;23;110,57
01/11/25;5;1;24;105,84
01/12/25;6;1;1;107,48
01/12/25;6;1;2;89,05
01/12/25;6;1;3;90
01/12/25;6;1;4;85,35
01/12/25;6;1;5;85
01/12/25;6;1;6;84,92
01/12/25;6;1;7;87,41
01/12/25;6;1;8;101,75
01/12/25;6;1;9;116,31
01/12/25;6;1;10;120,07
01/12/25;6;1;11;117,77
01/12/25;6;1;12;105,61
01/12/25;6;1;13;102,99
01/12/25;6;1;14;99,61
01/12/25;6;1;15;105,34
01/12/25;6;1;16;120
01/12/25;6;1;17;135
01/12/25;6;1;18;142,45
01/12/25;6;1;19;146,66
01/12/25;6;1;20;144,12
01/12/25;6;1;21;135,77
01/12/25;6;1;22;127,74
01/12/25;6;1;23;121,48
01/12/25;6;1;24;114,9
01/13/25;0;1;1;112,39
01/13/25;0;1;2;105,07
01/13/25;0;1;3;104,46
01/13/25;0;1;4;100,37
01/13/25;0;1;5;100
01/13/25;0;1;6;110,17
01/13/25;0;1;7;140,11
01/13/25;0;1;8;188,09
01/13/25;0;1;9;229,55
01/13/25;0;1;10;175
01/13/25;0;1;11;141,08
01/13/25;0;1;12;122,68
01/13/25;0;1;13;117,7
01/13/25;0;1;14;123,6
01/13/25;0;1;15;130,96
01/13/25;0;1;16;144,28
01/13/25;0;1;17;162,19
01/13/25;0;1;18;156,83
01/13/25;0;1;19;157,07
01/13/25;0;1;20;154,66
01/13/25;0;1;21;146,85
01/13/25;0;1;22;128,97
01/13/25;0;1;23;119,17
01/13/25;0;1;24;107,8
01/14/25;1;1;1;109,31
01/14/25;1;1;2;106,29
01/14/25;1;1;3;101,94
01/14/25;1;1;4;100,62
01/14/25;1;1;5;103,8
01/14/25;1;1;6;109,03
01/14/25;1;1;7;138,13
01/14/25;1;1;8;161,89
01/14/25;1;1;9;185,47
01/14/25;1;1;10;151,98
01/14/25;1;1;11;130,11
01/14/25;1;1;12;123,46
01/14/25;1;1;13;119,13
01/14/25;1;1;14;120
01/14/25;1;1;15;135,6
01/14/25;1;1;16;173,62
01/14/25;1;1;17;197,14
01/14/25;1;1;18;262,99
01/14/25;1;1;19;250,63
01/14/25;1;1;20;205,29
01/14/25;1;1;21;181,49
01/14/25;1;1;22;171,11
01/14/25;1;1;23;155,07
01/14/25;1;1;24;124,32
01/15/25;2;1;1;119,98
01/15/25;2;1;2;111,6
01/15/25;2;1;3;110,69
01/15/25;2;1;4;108,67
01/15/25;2;1;5;118,11
01/15/25;2;1;6;132,62
01/15/25;2;1;7;152,22
01/15/25;2;1;8;197,46
01/15/25;2;1;9;315,14
01/15/25;2;1;10;320,08
01/15/25;2;1;11;311,49
01/15/25;2;1;12;311,84
01/15/25;2;1;13;293,49
01/15/25;2;1;14;290,75
01/15/25;2;1;15;290,53
01/15/25;2;1;16;327,98
01/15/25;2;1;17;386,98
01/15/25;2;1;18;452,13
01/15/25;2;1;19;430,59
01/15/25;2;1;20;416,51
01/15/25;2;1;21;186,3
01/15/25;2;1;22;152,9
01/15/25;2;1;23;143,29
01/15/25;2;1;24;123,9
01/16/25;3;1;1;126,33
01/16/25;3;1;2;122,83
01/16/25;3;1;3;118,24
01/16/25;3;1;4;115,91
01/16/25;3;1;5;119,37
01/16/25;3;1;6;129,58
01/16/25;3;1;7;163,8
01/16/25;3;1;8;204,18
01/16/25;3;1;9;206,06
01/16/25;3;1;10;175
01/16/25;3;1;11;151,9
01/16/25;3;1;12;140,64
01/16/25;3;1;13;134,76
01/16/25;3;1;14;137,98
01/16/25;3;1;15;146
01/16/25;3;1;16;173,3
01/16/25;3;1;17;186,88
01/16/25;3;1;18;195,47
01/16/25;3;1;19;184,32
01/16/25;3;1;20;179,97
01/16/25;3;1;21;159,6
01/16/25;3;1;22;152,77
01/16/25;3;1;23;140,69
01/16/25;3;1;24;129,85
01/17/25;4;1;1;123,49
01/17/25;4;1;2;121,74
01/17/25;4;1;3;118,71
01/17/25;4;1;4;116,94
01/17/25;4;1;5;117,21
01/17/25;4;1;6;123,57
01/17/25;4;1;7;140,8
01/17/25;4;1;8;175,01
01/17/25;4;1;9;208,13
01/17/25;4;1;10;175,34
01/17/25;4;1;11;157,74
01/17/25;4;1;12;140,68
01/17/25;4;1;13;126,44
01/17/25;4;1;14;124,03
01/17/25;4;1;15;133,68
01/17/25;4;1;16;152,2
01/17/25;4;1;17;173,59
01/17/25;4;1;18;179,35
01/17/25;4;1;19;179,92
01/17/25;4;1;20;174,22
01/17/25;4;1;21;157,91
01/17/25;4;1;22;145
01/17/25;4;1;23;139,97
01/17/25;4;1;24;127,92
01/18/25;5;1;1;126,09
01/18/25;5;1;2;121,2
01/18/25;5;1;3;121,36
01/18/25;5;1;4;118,9
01/18/25;5;1;5;116,94
01/18/25;5;1;6;119,82
01/18/25;5;1;7;123,63
01/18/25;5;1;8;135,37
01/18/25;5;1;9;145,9
01/18/25;5;1;10;144,1
01/18/25;5;1;11;127,73
01/18/25;5;1;12;75,06
01/18/25;5;1;13;75,04
01/18/25;5;1;14;115,01
01/18/25;5;1;15;119,58
01/18/25;5;1;16;138,54
01/18/25;5;1;17;172,32
01/18/25;5;1;18;172,53
01/18/25;5;1;19;167,57
01/18/25;5;1;20;167,85
01/18/25;5;1;21;156,12
01/18/25;5;1;22;143,42
01/18/25;5;1;23;136,4
01/18/25;5;1;24;129,36
01/19/25;6;1;1;129,88
01/19/25;6;1;2;124,89
01/19/25;6;1;3;123,61
01/19/25;6;1;4;121,24
01/19/25;6;1;5;120,18
01/19/25;6;1;6;120
01/19/25;6;1;7;121,67
01/19/25;6;1;8;123,98
01/19/25;6;1;9;123,66
01/19/25;6;1;10;125,95
01/19/25;6;1;11;98,74
01/19/25;6;1;12;46,33
01/19/25;6;1;13;46,33
01/19/25;6;1;14;107,51
01/19/25;6;1;15;116,81
01/19/25;6;1;16;127,28
01/19/25;6;1;17;152,73
01/19/25;6;1;18;167,73
01/19/25;6;1;19;169,81
01/19/25;6;1;20;170
01/19/25;6;1;21;164,79
01/19/25;6;1;22;157
01/19/25;6;1;23;133,82
01/19/25;6;1;24;123,81
01/20/25;0;1;1;122,44
01/20/25;0;1;2;119,76
01/20/25;0;1;3;116,6
01/20/25;0;1;4;114,41
01/20/25;0;1;5;115,45
01/20/25;0;1;6;129,57
01/20/25;0;1;7;166,11
01/20/25;0;1;8;296,08
01/20/25;0;1;9;445
01/20/25;0;1;10;291,8
01/20/25;0;1;11;236,29
01/20/25;0;1;12;191,48
01/20/25;0;1;13;178,49
01/20/25;0;1;14;171,39
01/20/25;0;1;15;191,83
01/20/25;0;1;16;276,81
01/20/25;0;1;17;442,13
01/20/25;0;1;18;603,3
01/20/25;0;1;19;473,28
01/20/25;0;1;20;295,57
01/20/25;0;1;21;220
01/20/25;0;1;22;170
01/20/25;0;1;23;158,18
01/20/25;0;1;24;141,99
01/21/25;1;1;1;138,01
01/21/25;1;1;2;132,03
01/21/25;1;1;3;125,69
01/21/25;1;1;4;127,98
01/21/25;1;1;5;137,66
01/21/25;1;1;6;160,57
01/21/25;1;1;7;205,19
01/21/25;1;1;8;317,17
01/21/25;1;1;9;419,1
01/21/25;1;1;10;278,94
01/21/25;1;1;11;244,81
01/21/25;1;1;12;212,13
01/21/25;1;1;13;210
01/21/25;1;1;14;190,42
01/21/25;1;1;15;216,28
01/21/25;1;1;16;296,09
01/21/25;1;1;17;234,6
01/21/25;1;1;18;324,51
01/21/25;1;1;19;262,02
01/21/25;1;1;20;205,98
01/21/25;1;1;21;178,15
01/21/25;1;1;22;157,15
01/21/25;1;1;23;143,49
01/21/25;1;1;24;135,88
01/22/25;2;1;1;131,15
01/22/25;2;1;2;125,75
01/22/25;2;1;3;123,93
01/22/25;2;1;4;124,01
01/22/25;2;1;5;125,84
01/22/25;2;1;6;141,64
01/22/25;2;1;7;205,36
01/22/25;2;1;8;335,72
01/22/25;2;1;9;252,6
01/22/25;2;1;10;199,41
01/22/25;2;1;11;179,06
01/22/25;2;1;12;130,02
01/22/25;2;1;13;116,48
01/22/25;2;1;14;147,91
01/22/25;2;1;15;180
01/22/25;2;1;16;199,35
01/22/25;2;1;17;260,93
01/22/25;2;1;18;274,66
01/22/25;2;1;19;220,29
01/22/25;2;1;20;212,53
01/22/25;2;1;21;217,21
01/22/25;2;1;22;166,43
01/22/25;2;1;23;150,92
01/22/25;2;1;24;140
01/23/25;3;1;1;128,65
01/23/25;3;1;2;123,55
01/23/25;3;1;3;110,35
01/23/25;3;1;4;109,05
01/23/25;3;1;5;115,28
01/23/25;3;1;6;126,84
01/23/25;3;1;7;179,91
01/23/25;3;1;8;207,89
01/23/25;3;1;9;177,82
01/23/25;3;1;10;167,75
01/23/25;3;1;11;137
01/23/25;3;1;12;97,61
01/23/25;3;1;13;95,27
01/23/25;3;1;14;110,35
01/23/25;3;1;15;164,21
01/23/25;3;1;16;192,3
01/23/25;3;1;17;217,58
01/23/25;3;1;18;220,59
01/23/25;3;1;19;205,16
01/23/25;3;1;20;196,21
01/23/25;3;1;21;207,2
01/23/25;3;1;22;163,79
01/23/25;3;1;23;160,56
01/23/25;3;1;24;133,78
01/24/25;4;1;1;122,59
01/24/25;4;1;2;110,34
01/24/25;4;1;3;104,35
01/24/25;4;1;4;103,1
01/24/25;4;1;5;109,51
01/24/25;4;1;6;136,5
01/24/25;4;1;7;173,65
01/24/25;4;1;8;189,12
01/24/25;4;1;9;169
01/24/25;4;1;10;151,2
01/24/25;4;1;11;143,54
01/24/25;4;1;12;132,73
01/24/25;4;1;13;131,09
01/24/25;4;1;14;128,95
01/24/25;4;1;15;133,3
01/24/25;4;1;16;159,26
01/24/25;4;1;17;203,54
01/24/25;4;1;18;204,18
01/24/25;4;1;19;196,75
01/24/25;4;1;20;192,29
01/24/25;4;1;21;181,32
01/24/25;4;1;22;170,41
01/24/25;4;1;23;146,81
01/24/25;4;1;24;127,15
01/25/25;5;1;1;116,4
01/25/25;5;1;2;105,08
01/25/25;5;1;3;88,87
01/25/25;5;1;4;85,76
01/25/25;5;1;5;88,36
01/25/25;5;1;6;96
01/25/25;5;1;7;114,28
01/25/25;5;1;8;124,78
01/25/25;5;1;9;108,25
01/25/25;5;1;10;102,64
01/25/25;5;1;11;95
01/25/25;5;1;12;67,13
01/25/25;5;1;13;86,65
01/25/25;5;1;14;85,36
01/25/25;5;1;15;97,94
01/25/25;5;1;16;118,92
01/25/25;5;1;17;156,51
01/25/25;5;1;18;158,87
01/25/25;5;1;19;160,15
01/25/25;5;1;20;160,5
01/25/25;5;1;21;152,86
01/25/25;5;1;22;143,9
01/25/25;5;1;23;135,99
01/25/25;5;1;24;124,19
01/26/25;6;1;1;130,13
01/26/25;6;1;2;119,03
01/26/25;6;1;3;116,21
01/26/25;6;1;4;110,35
01/26/25;6;1;5;110,34
01/26/25;6;1;6;112,48
01/26/25;6;1;7;114,86
01/26/25;6;1;8;122,15
01/26/25;6;1;9;130,28
01/26/25;6;1;10;127,74
01/26/25;6;1;11;108,62
01/26/25;6;1;12;103,57
01/26/25;6;1;13;97,01
01/26/25;6;1;14;94,1
01/26/25;6;1;15;110,34
01/26/25;6;1;16;120,13
01/26/25;6;1;17;134,18
01/26/25;6;1;18;143,28
01/26/25;6;1;19;130,58
01/26/25;6;1;20;133,78
01/26/25;6;1;21;124,12
01/26/25;6;1;22;114,15
01/26/25;6;1;23;95,36
01/26/25;6;1;24;77,9
01/27/25;0;1;1;60,99
01/27/25;0;1;2;56,32
01/27/25;0;1;3;39,53
01/27/25;0;1;4;35,35
01/27/25;0;1;5;48,6
01/27/25;0;1;6;119,99
01/27/25;0;1;7;150,63
01/27/25;0;1;8;178,44
01/27/25;0;1;9;160
01/27/25;0;1;10;130,29
01/27/25;0;1;11;99,89
01/27/25;0;1;12;96,27
01/27/25;0;1;13;90,12
01/27/25;0;1;14;103,84
01/27/25;0;1;15;130
01/27/25;0;1;16;146,09
01/27/25;0;1;17;187,93
01/27/25;0;1;18;183,57
01/27/25;0;1;19;188,32
01/27/25;0;1;20;186
01/27/25;0;1;21;166,05
01/27/25;0;1;22;142,03
01/27/25;0;1;23;123,18
01/27/25;0;1;24;96,93
01/28/25;1;1;1;104,46
01/28/25;1;1;2;81,12
01/28/25;1;1;3;88,45
01/28/25;1;1;4;82,91
01/28/25;1;1;5;83,63
01/28/25;1;1;6;116,91
01/28/25;1;1;7;140
01/28/25;1;1;8;142
01/28/25;1;1;9;143,91
01/28/25;1;1;10;128,42
01/28/25;1;1;11;128,44
01/28/25;1;1;12;123,45
01/28/25;1;1;13;110,34
01/28/25;1;1;14;124,77
01/28/25;1;1;15;129,12
01/28/25;1;1;16;129,7
01/28/25;1;1;17;144,15
01/28/25;1;1;18;148,31
01/28/25;1;1;19;145,71
01/28/25;1;1;20;137,75
01/28/25;1;1;21;136,74
01/28/25;1;1;22;119,42
01/28/25;1;1;23;116,12
01/28/25;1;1;24;96,02
01/29/25;2;1;1;95
01/29/25;2;1;2;88,55
01/29/25;2;1;3;82,97
01/29/25;2;1;4;82,98
01/29/25;2;1;5;88,33
01/29/25;2;1;6;112,23
01/29/25;2;1;7;143,08
01/29/25;2;1;8;172,51
01/29/25;2;1;9;145,34
01/29/25;2;1;10;135,64
01/29/25;2;1;11;110,09
01/29/25;2;1;12;92,89
01/29/25;2;1;13;80,01
01/29/25;2;1;14;86,36
01/29/25;2;1;15;97,02
01/29/25;2;1;16;128,76
01/29/25;2;1;17;174,15
01/29/25;2;1;18;175,01
01/29/25;2;1;19;161,21
01/29/25;2;1;20;165,22
01/29/25;2;1;21;154,93
01/29/25;2;1;22;144,71
01/29/25;2;1;23;125,25
01/29/25;2;1;24;104,95
01/30/25;3;1;1;100,05
01/30/25;3;1;2;99,5
01/30/25;3;1;3;97,82
01/30/25;3;1;4;100
01/30/25;3;1;5;99,68
01/30/25;3;1;6;112,95
01/30/25;3;1;7;144,83
01/30/25;3;1;8;154,44
01/30/25;3;1;9;160,3
01/30/25;3;1;10;151,75
01/30/25;3;1;11;131,73
01/30/25;3;1;12;123,25
01/30/25;3;1;13;113
01/30/25;3;1;14;113,3
01/30/25;3;1;15;129,9
01/30/25;3;1;16;153,47
01/30/25;3;1;17;161,04
01/30/25;3;1;18;176,91
01/30/25;3;1;19;173,14
01/30/25;3;1;20;161,28
01/30/25;3;1;21;151,26
01/30/25;3;1;22;134,96
01/30/25;3;1;23;126,89
01/30/25;3;1;24;120,2
01/31/25;4;1;1;120
01/31/25;4;1;2;117,41
01/31/25;4;1;3;114,04
01/31/25;4;1;4;114,2
01/31/25;4;1;5;117,1
01/31/25;4;1;6;121,78
01/31/25;4;1;7;148,61
01/31/25;4;1;8;159,74
01/31/25;4;1;9;163,7
01/31/25;4;1;10;154,82
01/31/25;4;1;11;130,1
01/31/25;4;1;12;39,7
01/31/25;4;1;13;41,45
01/31/25;4;1;14;80
01/31/25;4;1;15;119,98
01/31/25;4;1;16;152,5
01/31/25;4;1;17;168
01/31/25;4;1;18;200
01/31/25;4;1;19;184,48
01/31/25;4;1;20;178,99
01/31/25;4;1;21;162,66
01/31/25;4;1;22;152,7
01/31/25;4;1;23;148,08
01/31/25;4;1;24;133,11
02/01/25;5;2;1;138,16
02/01/25;5;2;2;130,34
02/01/25;5;2;3;124,96
02/01/25;5;2;4;119,24
02/01/25;5;2;5;119,66
02/01/25;5;2;6;121,25
02/01/25;5;2;7;127,26
02/01/25;5;2;8;144,74
02/01/25;5;2;9;153,46
02/01/25;5;2;10;112,91
02/01/25;5;2;11;81,02
02/01/25;5;2;12;40,19
02/01/25;5;2;13;47,03
02/01/25;5;2;14;103,4
02/01/25;5;2;15;113,7
02/01/25;5;2;16;130,38
02/01/25;5;2;17;155,52
02/01/25;5;2;18;166,76
02/01/25;5;2;19;166,97
02/01/25;5;2;20;162,98
02/01/25;5;2;21;156,6
02/01/25;5;2;22;145,24
02/01/25;5;2;23;141,73
02/01/25;5;2;24;131,74
02/02/25;6;2;1;133,26
02/02/25;6;2;2;126,91
02/02/25;6;2;3;122,99
02/02/25;6;2;4;120,66
02/02/25;6;2;5;122,34
02/02/25;6;2;6;123,41
02/02/25;6;2;7;128,09
02/02/25;6;2;8;135,9
02/02/25;6;2;9;137,3
02/02/25;6;2;10;137,7
02/02/25;6;2;11;130,04
02/02/25;6;2;12;129,33
02/02/25;6;2;13;122,24
02/02/25;6;2;14;111,88
02/02/25;6;2;15;116,83
02/02/25;6;2;16;129,65
02/02/25;6;2;17;154,67
02/02/25;6;2;18;166,23
02/02/25;6;2;19;172
02/02/25;6;2;20;173,95
02/02/25;6;2;21;165,5
02/02/25;6;2;22;155,77
02/02/25;6;2;23;148,44
02/02/25;6;2;24;133,24
02/03/25;0;2;1;129,54
02/03/25;0;2;2;126,63
02/03/25;0;2;3;124,72
02/03/25;0;2;4;120,04
02/03/25;0;2;5;123,24
02/03/25;0;2;6;127,77
02/03/25;0;2;7;159,18
02/03/25;0;2;8;207,88
02/03/25;0;2;9;243,23
02/03/25;0;2;10;178,04
02/03/25;0;2;11;149,95
02/03/25;0;2;12;126,19
02/03/25;0;2;13;117,27
02/03/25;0;2;14;115,72
02/03/25;0;2;15;124,52
02/03/25;0;2;16;148,13
02/03/25;0;2;17;167,45
02/03/25;0;2;18;212,35
02/03/25;0;2;19;200,73
02/03/25;0;2;20;201,1
02/03/25;0;2;21;167,74
02/03/25;0;2;22;153
02/03/25;0;2;23;144,2
02/03/25;0;2;24;135,81
02/04/25;1;2;1;132,4
02/04/25;1;2;2;125,54
02/04/25;1;2;3;123,18
02/04/25;1;2;4;123,99
02/04/25;1;2;5;123,25
02/04/25;1;2;6;127,63
02/04/25;1;2;7;155,17
02/04/25;1;2;8;190,74
02/04/25;1;2;9;211,99
02/04/25;1;2;10;163,31
02/04/25;1;2;11;136,53
02/04/25;1;2;12;126,77
02/04/25;1;2;13;105,95
02/04/25;1;2;14;113,19
02/04/25;1;2;15;120,09
02/04/25;1;2;16;143,35
02/04/25;1;2;17;171,08
02/04/25;1;2;18;179,72
02/04/25;1;2;19;175
02/04/25;1;2;20;173,92
02/04/25;1;2;21;162,05
02/04/25;1;2;22;136,64
02/04/25;1;2;23;131,34
02/04/25;1;2;24;123,98
02/05/25;2;2;1;115,99
02/05/25;2;2;2;111,37
02/05/25;2;2;3;110,65
02/05/25;2;2;4;109,48
02/05/25;2;2;5;115,54
02/05/25;2;2;6;122,53
02/05/25;2;2;7;152,34
02/05/25;2;2;8;169,31
02/05/25;2;2;9;180,81
02/05/25;2;2;10;159,33
02/05/25;2;2;11;134,15
02/05/25;2;2;12;122,97
02/05/25;2;2;13;117,79
02/05/25;2;2;14;119,85
02/05/25;2;2;15;128,85
02/05/25;2;2;16;144,12
02/05/25;2;2;17;159,65
02/05/25;2;2;18;177,08
02/05/25;2;2;19;189,9
02/05/25;2;2;20;189,63
02/05/25;2;2;21;170
02/05/25;2;2;22;155,42
02/05/25;2;2;23;143,7
02/05/25;2;2;24;133,9
02/06/25;3;2;1;133,67
02/06/25;3;2;2;129,92
02/06/25;3;2;3;125,98
02/06/25;3;2;4;125
02/06/25;3;2;5;125,01
02/06/25;3;2;6;134,22
02/06/25;3;2;7;154,19
02/06/25;3;2;8;180,09
02/06/25;3;2;9;218,52
02/06/25;3;2;10;178,85
02/06/25;3;2;11;146,48
02/06/25;3;2;12;150,22
02/06/25;3;2;13;145,09
02/06/25;3;2;14;142
02/06/25;3;2;15;140,08
02/06/25;3;2;16;150,2
02/06/25;3;2;17;171,71
02/06/25;3;2;18;176,56
02/06/25;3;2;19;178,85
02/06/25;3;2;20;175,04
02/06/25;3;2;21;170,2
02/06/25;3;2;22;152,77
02/06/25;3;2;23;141,74
02/06/25;3;2;24;121,95
02/07/25;4;2;1;126,05
02/07/25;4;2;2;112,7
02/07/25;4;2;3;108,82
02/07/25;4;2;4;105
02/07/25;4;2;5;110
02/07/25;4;2;6;119,88
02/07/25;4;2;7;160,33
02/07/25;4;2;8;175,54
02/07/25;4;2;9;165,21
02/07/25;4;2;10;150,5
02/07/25;4;2;11;134,71
02/07/25;4;2;12;117,95
02/07/25;4;2;13;108,37
02/07/25;4;2;14;114,71
02/07/25;4;2;15;117,93
02/07/25;4;2;16;134,48
02/07/25;4;2;17;182,86
02/07/25;4;2;18;184,98
02/07/25;4;2;19;182,15
02/07/25;4;2;20;180,19
02/07/25;4;2;21;178,85
02/07/25;4;2;22;153,72
02/07/25;4;2;23;120,7
02/07/25;4;2;24;112,25
02/08/25;5;2;1;90,73
02/08/25;5;2;2;87,34
02/08/25;5;2;3;86,64
02/08/25;5;2;4;88,62
02/08/25;5;2;5;89,69
02/08/25;5;2;6;90,99
02/08/25;5;2;7;98,74
02/08/25;5;2;8;110,52
02/08/25;5;2;9;112,77
02/08/25;5;2;10;99,43
02/08/25;5;2;11;93,02
02/08/25;5;2;12;85
02/08/25;5;2;13;62,31
02/08/25;5;2;14;88,57
02/08/25;5;2;15;94
02/08/25;5;2;16;118
02/08/25;5;2;17;152,27
02/08/25;5;2;18;166,14
02/08/25;5;2;19;160,56
02/08/25;5;2;20;159,03
02/08/25;5;2;21;154,45
02/08/25;5;2;22;149
02/08/25;5;2;23;142,78
02/08/25;5;2;24;134,15
02/09/25;6;2;1;135
02/09/25;6;2;2;125,82
02/09/25;6;2;3;121,67
02/09/25;6;2;4;119,3
02/09/25;6;2;5;116,81
02/09/25;6;2;6;117
02/09/25;6;2;7;117
02/09/25;6;2;8;133,43
02/09/25;6;2;9;136,77
02/09/25;6;2;10;122,01
02/09/25;6;2;11;113,44
02/09/25;6;2;12;107
02/09/25;6;2;13;50
02/09/25;6;2;14;60
02/09/25;6;2;15;109,9
02/09/25;6;2;16;120,4
02/09/25;6;2;17;153,18
02/09/25;6;2;18;164,47
02/09/25;6;2;19;178,85
02/09/25;6;2;20;178,85
02/09/25;6;2;21;169,46
02/09/25;6;2;22;145
02/09/25;6;2;23;143
02/09/25;6;2;24;128,9
02/10/25;0;2;1;119,93
02/10/25;0;2;2;114,9
02/10/25;0;2;3;112,2
02/10/25;0;2;4;108,25
02/10/25;0;2;5;107,85
02/10/25;0;2;6;116,88
02/10/25;0;2;7;159,62
02/10/25;0;2;8;178,86
02/10/25;0;2;9;181,36
02/10/25;0;2;10;163,18
02/10/25;0;2;11;141,99
02/10/25;0;2;12;110,37
02/10/25;0;2;13;110,46
02/10/25;0;2;14;120,8
02/10/25;0;2;15;130,29
02/10/25;0;2;16;167,33
02/10/25;0;2;17;200,24
02/10/25;0;2;18;220,48
02/10/25;0;2;19;220,21
02/10/25;0;2;20;203,96
02/10/25;0;2;21;206,43
02/10/25;0;2;22;178,86
02/10/25;0;2;23;170,66
02/10/25;0;2;24;140
02/11/25;1;2;1;148
02/11/25;1;2;2;133,78
02/11/25;1;2;3;126,12
02/11/25;1;2;4;124,17
02/11/25;1;2;5;134,88
02/11/25;1;2;6;178,85
02/11/25;1;2;7;185,65
02/11/25;1;2;8;243
02/11/25;1;2;9;178,85
02/11/25;1;2;10;144,56
02/11/25;1;2;11;115,19
02/11/25;1;2;12;106,57
02/11/25;1;2;13;108,51
02/11/25;1;2;14;117,91
02/11/25;1;2;15;128,14
02/11/25;1;2;16;164,66
02/11/25;1;2;17;191,99
02/11/25;1;2;18;215,79
02/11/25;1;2;19;242,33
02/11/25;1;2;20;208,19
02/11/25;1;2;21;183,27
02/11/25;1;2;22;178,85
02/11/25;1;2;23;163,64
02/11/25;1;2;24;133,24
02/12/25;2;2;1;129,39
02/12/25;2;2;2;127,85
02/12/25;2;2;3;126,82
02/12/25;2;2;4;126,59
02/12/25;2;2;5;128,74
02/12/25;2;2;6;137,59
02/12/25;2;2;7;178,85
02/12/25;2;2;8;182,14
02/12/25;2;2;9;180
02/12/25;2;2;10;174,92
02/12/25;2;2;11;163,95
02/12/25;2;2;12;148,01
02/12/25;2;2;13;147,17
02/12/25;2;2;14;150
02/12/25;2;2;15;171,81
02/12/25;2;2;16;187,24
02/12/25;2;2;17;210,39
02/12/25;2;2;18;372,76
02/12/25;2;2;19;321,51
02/12/25;2;2;20;241,79
02/12/25;2;2;21;234,53
02/12/25;2;2;22;184,61
02/12/25;2;2;23;178,85
02/12/25;2;2;24;165,21
02/13/25;3;2;1;164,29
02/13/25;3;2;2;150,5
02/13/25;3;2;3;146
02/13/25;3;2;4;141,33
02/13/25;3;2;5;146,5
02/13/25;3;2;6;169,01
02/13/25;3;2;7;223,92
02/13/25;3;2;8;360,02
02/13/25;3;2;9;310,93
02/13/25;3;2;10;269,44
02/13/25;3;2;11;207,06
02/13/25;3;2;12;186,95
02/13/25;3;2;13;181,85
02/13/25;3;2;14;198,61
02/13/25;3;2;15;218,88
02/13/25;3;2;16;237,37
02/13/25;3;2;17;281,04
02/13/25;3;2;18;282,48
02/13/25;3;2;19;209,02
02/13/25;3;2;20;196,52
02/13/25;3;2;21;178,85
02/13/25;3;2;22;162,92
02/13/25;3;2;23;153,12
02/13/25;3;2;24;139,14
02/14/25;4;2;1;139,99
02/14/25;4;2;2;134,87
02/14/25;4;2;3;130,24
02/14/25;4;2;4;130,22
02/14/25;4;2;5;130,97
02/14/25;4;2;6;140,56
02/14/25;4;2;7;163,93
02/14/25;4;2;8;244,26
02/14/25;4;2;9;270,28
02/14/25;4;2;10;214,12
02/14/25;4;2;11;147,14
02/14/25;4;2;12;136
02/14/25;4;2;13;125
02/14/25;4;2;14;125
02/14/25;4;2;15;158,12
02/14/25;4;2;16;177,49
02/14/25;4;2;17;208,4
02/14/25;4;2;18;309,86
02/14/25;4;2;19;298,18
02/14/25;4;2;20;227,09
02/14/25;4;2;21;183,55
02/14/25;4;2;22;163,79
02/14/25;4;2;23;153
02/14/25;4;2;24;140,03
02/15/25;5;2;1;136,08
02/15/25;5;2;2;131,1
02/15/25;5;2;3;120,54
02/15/25;5;2;4;119,22
02/15/25;5;2;5;119,57
02/15/25;5;2;6;121,45
02/15/25;5;2;7;135,31
02/15/25;5;2;8;149,9
02/15/25;5;2;9;150
02/15/25;5;2;10;137,08
02/15/25;5;2;11;124,59
02/15/25;5;2;12;118,36
02/15/25;5;2;13;112,39
02/15/25;5;2;14;110,01
02/15/25;5;2;15;116,7
02/15/25;5;2;16;130,39
02/15/25;5;2;17;160,53
02/15/25;5;2;18;182,14
02/15/25;5;2;19;178,85
02/15/25;5;2;20;178,86
02/15/25;5;2;21;178,86
02/15/25;5;2;22;160,53
02/15/25;5;2;23;144,86
02/15/25;5;2;24;136,03
02/16/25;6;2;1;134,11
02/16/25;6;2;2;128,9
02/16/25;6;2;3;123,57
02/16/25;6;2;4;119,9
02/16/25;6;2;5;119,57
02/16/25;6;2;6;121,1
02/16/25;6;2;7;125
02/16/25;6;2;8;136
02/16/25;6;2;9;146,02
02/16/25;6;2;10;144
02/16/25;6;2;11;131,6
02/16/25;6;2;12;130,29
02/16/25;6;2;13;128,16
02/16/25;6;2;14;126,49
02/16/25;6;2;15;129,69
02/16/25;6;2;16;143,64
02/16/25;6;2;17;167,55
02/16/25;6;2;18;178,85
02/16/25;6;2;19;178,85
02/16/25;6;2;20;178,86
02/16/25;6;2;21;178,85
02/16/25;6;2;22;165,31
02/16/25;6;2;23;152,73
02/16/25;6;2;24;131,51
02/17/25;0;2;1;133,74
02/17/25;0;2;2;121,06
02/17/25;0;2;3;120,34
02/17/25;0;2;4;126,26
02/17/25;0;2;5;129,92
02/17/25;0;2;6;146
02/17/25;0;2;7;176,98
02/17/25;0;2;8;209,27
02/17/25;0;2;9;209,79
02/17/25;0;2;10;171,3
02/17/25;0;2;11;139,67
02/17/25;0;2;12;133,64
02/17/25;0;2;13;129
02/17/25;0;2;14;121,78
02/17/25;0;2;15;124,22
02/17/25;0;2;16;149,9
02/17/25;0;2;17;176,87
02/17/25;0;2;18;224,35
02/17/25;0;2;19;269,42
02/17/25;0;2;20;216,86
02/17/25;0;2;21;179,47
02/17/25;0;2;22;165,32
02/17/25;0;2;23;161,88
02/17/25;0;2;24;147,26
02/18/25;1;2;1;136
02/18/25;1;2;2;133,53
02/18/25;1;2;3;125,45
02/18/25;1;2;4;124,92
02/18/25;1;2;5;130,87
02/18/25;1;2;6;160,82
02/18/25;1;2;7;230
02/18/25;1;2;8;359,81
02/18/25;1;2;9;193,8
02/18/25;1;2;10;166,57
02/18/25;1;2;11;147,46
02/18/25;1;2;12;140
02/18/25;1;2;13;140
02/18/25;1;2;14;157,03
02/18/25;1;2;15;161,57
02/18/25;1;2;16;177,7
02/18/25;1;2;17;402,06
02/18/25;1;2;18;298,61
02/18/25;1;2;19;315,75
02/18/25;1;2;20;280,28
02/18/25;1;2;21;189,77
02/18/25;1;2;22;178,86
02/18/25;1;2;23;178,85
02/18/25;1;2;24;144
02/19/25;2;2;1;138,36
02/19/25;2;2;2;135,54
02/19/25;2;2;3;132,9
02/19/25;2;2;4;131,89
02/19/25;2;2;5;133,11
02/19/25;2;2;6;146,82
02/19/25;2;2;7;178,85
02/19/25;2;2;8;216,93
02/19/25;2;2;9;178,85
02/19/25;2;2;10;157,92
02/19/25;2;2;11;114,69
02/19/25;2;2;12;117,27
02/19/25;2;2;13;108,5
02/19/25;2;2;14;108,95
02/19/25;2;2;15;124,99
02/19/25;2;2;16;149,89
02/19/25;2;2;17;196
02/19/25;2;2;18;274,31
02/19/25;2;2;19;282,28
02/19/25;2;2;20;225,73
02/19/25;2;2;21;193,96
02/19/25;2;2;22;182,69
02/19/25;2;2;23;178,85
02/19/25;2;2;24;170,57
02/20/25;3;2;1;137,08
02/20/25;3;2;2;127,24
02/20/25;3;2;3;119,87
02/20/25;3;2;4;115,46
02/20/25;3;2;5;130,19
02/20/25;3;2;6;153,52
02/20/25;3;2;7;213,97
02/20/25;3;2;8;305,21
02/20/25;3;2;9;177,67
02/20/25;3;2;10;119,85
02/20/25;3;2;11;104,47
02/20/25;3;2;12;90,28
02/20/25;3;2;13;91,58
02/20/25;3;2;14;97,58
02/20/25;3;2;15;108,57
02/20/25;3;2;16;147,89
02/20/25;3;2;17;226,45
02/20/25;3;2;18;314,97
02/20/25;3;2;19;371,79
02/20/25;3;2;20;316,72
02/20/25;3;2;21;190,67
02/20/25;3;2;22;180,1
02/20/25;3;2;23;177,01
02/20/25;3;2;24;146,13
02/21/25;4;2;1;136,78
02/21/25;4;2;2;133,13
02/21/25;4;2;3;119,37
02/21/25;4;2;4;120,76
02/21/25;4;2;5;125,45
02/21/25;4;2;6;141,76
02/21/25;4;2;7;183,21
02/21/25;4;2;8;178,86
02/21/25;4;2;9;149,42
02/21/25;4;2;10;127,77
02/21/25;4;2;11;102,9
02/21/25;4;2;12;87
02/21/25;4;2;13;79,8
02/21/25;4;2;14;78,94
02/21/25;4;2;15;98,77
02/21/25;4;2;16;137,62
02/21/25;4;2;17;178,85
02/21/25;4;2;18;230,76
02/21/25;4;2;19;238,99
02/21/25;4;2;20;239,59
02/21/25;4;2;21;185,2
02/21/25;4;2;22;178,86
02/21/25;4;2;23;149,86
02/21/25;4;2;24;135
02/22/25;5;2;1;139,84
02/22/25;5;2;2;132,66
02/22/25;5;2;3;128,74
02/22/25;5;2;4;122,58
02/22/25;5;2;5;125,6
02/22/25;5;2;6;132
02/22/25;5;2;7;158,57
02/22/25;5;2;8;145,01
02/22/25;5;2;9;101,96
02/22/25;5;2;10;70,06
02/22/25;5;2;11;57,6
02/22/25;5;2;12;54,63
02/22/25;5;2;13;50,11
02/22/25;5;2;14;55,41
02/22/25;5;2;15;68,2
02/22/25;5;2;16;128,74
02/22/25;5;2;17;192,13
02/22/25;5;2;18;260,79
02/22/25;5;2;19;250,18
02/22/25;5;2;20;243,13
02/22/25;5;2;21;207,1
02/22/25;5;2;22;182,68
02/22/25;5;2;23;178,86
02/22/25;5;2;24;168,2
02/23/25;6;2;1;138,56
02/23/25;6;2;2;140,82
02/23/25;6;2;3;129,01
02/23/25;6;2;4;128,68
02/23/25;6;2;5;129
02/23/25;6;2;6;135,92
02/23/25;6;2;7;140,82
02/23/25;6;2;8;136,82
02/23/25;6;2;9;117,5
02/23/25;6;2;10;101,91
02/23/25;6;2;11;86,74
02/23/25;6;2;12;88,34
02/23/25;6;2;13;74,78
02/23/25;6;2;14;74,15
02/23/25;6;2;15;103,94
02/23/25;6;2;16;138,72
02/23/25;6;2;17;178,86
02/23/25;6;2;18;256,12
02/23/25;6;2;19;232,7
02/23/25;6;2;20;244,86
02/23/25;6;2;21;186,15
02/23/25;6;2;22;178,86
02/23/25;6;2;23;162,61
02/23/25;6;2;24;134,11
02/24/25;0;2;1;140
02/24/25;0;2;2;124,13
02/24/25;0;2;3;120
02/24/25;0;2;4;120,1
02/24/25;0;2;5;122,21
02/24/25;0;2;6;171,4
02/24/25;0;2;7;243,08
02/24/25;0;2;8;284,79
02/24/25;0;2;9;186,74
02/24/25;0;2;10;178,86
02/24/25;0;2;11;152,84
02/24/25;0;2;12;143,54
02/24/25;0;2;13;137,32
02/24/25;0;2;14;138,98
02/24/25;0;2;15;161,57
02/24/25;0;2;16;215,47
02/24/25;0;2;17;284,08
02/24/25;0;2;18;369,64
02/24/25;0;2;19;400
02/24/25;0;2;20;357,57
02/24/25;0;2;21;236,63
02/24/25;0;2;22;200,91
02/24/25;0;2;23;178,85
02/24/25;0;2;24;141,26
02/25/25;1;2;1;157,16
02/25/25;1;2;2;138,72
02/25/25;1;2;3;133
02/25/25;1;2;4;131,94
02/25/25;1;2;5;135,29
02/25/25;1;2;6;158,68
02/25/25;1;2;7;262,67
02/25/25;1;2;8;362,04
02/25/25;1;2;9;178,86
02/25/25;1;2;10;155,42
02/25/25;1;2;11;142,38
02/25/25;1;2;12;128,53
02/25/25;1;2;13;127
02/25/25;1;2;14;129
02/25/25;1;2;15;138,21
02/25/25;1;2;16;152,85
02/25/25;1;2;17;266,64
02/25/25;1;2;18;419,35
02/25/25;1;2;19;471,56
02/25/25;1;2;20;438,63
02/25/25;1;2;21;287,88
02/25/25;1;2;22;178,86
02/25/25;1;2;23;163,3
02/25/25;1;2;24;134,92
02/26/25;2;2;1;124,45
02/26/25;2;2;2;122,13
02/26/25;2;2;3;118,62
02/26/25;2;2;4;118,14
02/26/25;2;2;5;118,52
02/26/25;2;2;6;131,34
02/26/25;2;2;7;185,39
02/26/25;2;2;8;218,58
02/26/25;2;2;9;178,85
02/26/25;2;2;10;158,36
02/26/25;2;2;11;144,5
02/26/25;2;2;12;131,76
02/26/25;2;2;13;121,09
02/26/25;2;2;14;121,76
02/26/25;2;2;15;129
02/26/25;2;2;16;150,17
02/26/25;2;2;17;184,06
02/26/25;2;2;18;233,07
02/26/25;2;2;19;217,27
02/26/25;2;2;20;192,12
02/26/25;2;2;21;178,86
02/26/25;2;2;22;153,73
02/26/25;2;2;23;137,68
02/26/25;2;2;24;122,29
02/27/25;3;2;1;114,59
02/27/25;3;2;2;103,81
02/27/25;3;2;3;102,65
02/27/25;3;2;4;101,44
02/27/25;3;2;5;101,47
02/27/25;3;2;6;114,52
02/27/25;3;2;7;157,45
02/27/25;3;2;8;164,16
02/27/25;3;2;9;168,16
02/27/25;3;2;10;151,99
02/27/25;3;2;11;136,2
02/27/25;3;2;12;132,59
02/27/25;3;2;13;126
02/27/25;3;2;14;117,79
02/27/25;3;2;15;121,13
02/27/25;3;2;16;137,95
02/27/25;3;2;17;178,85
02/27/25;3;2;18;178,86
02/27/25;3;2;19;185,44
02/27/25;3;2;20;178,86
02/27/25;3;2;21;178,86
02/27/25;3;2;22;145,82
02/27/25;3;2;23;139,57
02/27/25;3;2;24;114,83
02/28/25;4;2;1;126,01
02/28/25;4;2;2;110,54
02/28/25;4;2;3;109,38
02/28/25;4;2;4;107,05
02/28/25;4;2;5;112,54
02/28/25;4;2;6;132,81
02/28/25;4;2;7;169,49
02/28/25;4;2;8;213,93
02/28/25;4;2;9;161,78
02/28/25;4;2;10;147,04
02/28/25;4;2;11;129,13
02/28/25;4;2;12;117,35
02/28/25;4;2;13;110,1
02/28/25;4;2;14;109,66
02/28/25;4;2;15;112,33
02/28/25;4;2;16;126,49
02/28/25;4;2;17;180,19
02/28/25;4;2;18;223,93
02/28/25;4;2;19;229,58
02/28/25;4;2;20;233,93
02/28/25;4;2;21;218,93
02/28/25;4;2;22;178,85
02/28/25;4;2;23;147,65
02/28/25;4;2;24;129,17
03/01/25;5;3;1;129,24
03/01/25;5;3;2;120,69
03/01/25;5;3;3;117,25
03/01/25;5;3;4;112,95
03/01/25;5;3;5;110,32
03/01/25;5;3;6;115,26
03/01/25;5;3;7;130,49
03/01/25;5;3;8;138,87
03/01/25;5;3;9;139,67
03/01/25;5;3;10;139,2
03/01/25;5;3;11;127,09
03/01/25;5;3;12;114,06
03/01/25;5;3;13;103,44
03/01/25;5;3;14;99,32
03/01/25;5;3;15;102,92
03/01/25;5;3;16;131,19
03/01/25;5;3;17;178,86
03/01/25;5;3;18;243,14
03/01/25;5;3;19;241,09
03/01/25;5;3;20;226,34
03/01/25;5;3;21;178,86
03/01/25;5;3;22;147,05
03/01/25;5;3;23;125,64
03/01/25;5;3;24;119,92
03/02/25;6;3;1;128,22
03/02/25;6;3;2;130,35
03/02/25;6;3;3;110,34
03/02/25;6;3;4;115,49
03/02/25;6;3;5;128
03/02/25;6;3;6;133,52
03/02/25;6;3;7;163,6
03/02/25;6;3;8;159,09
03/02/25;6;3;9;120,4
03/02/25;6;3;10;100,01
03/02/25;6;3;11;68,3
03/02/25;6;3;12;49
03/02/25;6;3;13;27,5
03/02/25;6;3;14;25,91
03/02/25;6;3;15;67,5
03/02/25;6;3;16;74,1
03/02/25;6;3;17;178,85
03/02/25;6;3;18;178,86
03/02/25;6;3;19;178,86
03/02/25;6;3;20;178,86
03/02/25;6;3;21;178,86
03/02/25;6;3;22;177,24
03/02/25;6;3;23;130,24
03/02/25;6;3;24;113,46
03/03/25;0;3;1;113,36
03/03/25;0;3;2;107,63
03/03/25;0;3;3;106,26
03/03/25;0;3;4;102,45
03/03/25;0;3;5;106
03/03/25;0;3;6;118,79
03/03/25;0;3;7;140,26
03/03/25;0;3;8;163
03/03/25;0;3;9;147,69
03/03/25;0;3;10;108,51
03/03/25;0;3;11;46,34
03/03/25;0;3;12;66,1
03/03/25;0;3;13;69,99
03/03/25;0;3;14;49,39
03/03/25;0;3;15;83,52
03/03/25;0;3;16;118,71
03/03/25;0;3;17;151,9
03/03/25;0;3;18;199,98
03/03/25;0;3;19;286,21
03/03/25;0;3;20;198,18
03/03/25;0;3;21;178,86
03/03/25;0;3;22;172,65
03/03/25;0;3;23;157,02
03/03/25;0;3;24;151,23
03/04/25;1;3;1;127,72
03/04/25;1;3;2;121,95
03/04/25;1;3;3;110,34
03/04/25;1;3;4;107,69
03/04/25;1;3;5;122,6
03/04/25;1;3;6;169,85
03/04/25;1;3;7;191,94
03/04/25;1;3;8;178,85
03/04/25;1;3;9;112,52
03/04/25;1;3;10;69,99
03/04/25;1;3;11;17,4
03/04/25;1;3;12;15
03/04/25;1;3;13;15,33
03/04/25;1;3;14;26,93
03/04/25;1;3;15;65,11
03/04/25;1;3;16;107,87
03/04/25;1;3;17;169,27
03/04/25;1;3;18;232,55
03/04/25;1;3;19;310,84
03/04/25;1;3;20;231,65
03/04/25;1;3;21;190,89
03/04/25;1;3;22;169,3
03/04/25;1;3;23;152,13
03/04/25;1;3;24;141,58
03/05/25;2;3;1;147,74
03/05/25;2;3;2;132,45
03/05/25;2;3;3;119,99
03/05/25;2;3;4;115,61
03/05/25;2;3;5;133,99
03/05/25;2;3;6;149,88
03/05/25;2;3;7;188,31
03/05/25;2;3;8;150,69
03/05/25;2;3;9;104,77
03/05/25;2;3;10;42,51
03/05/25;2;3;11;17,39
03/05/25;2;3;12;9,2
03/05/25;2;3;13;5
03/05/25;2;3;14;0,24
03/05/25;2;3;15;3,43
03/05/25;2;3;16;71,11
03/05/25;2;3;17;131,98
03/05/25;2;3;18;183,62
03/05/25;2;3;19;272,62
03/05/25;2;3;20;208,44
03/05/25;2;3;21;183,64
03/05/25;2;3;22;161,71
03/05/25;2;3;23;135,19
03/05/25;2;3;24;129,33
03/06/25;3;3;1;110,31
03/06/25;3;3;2;110,35
03/06/25;3;3;3;108,64
03/06/25;3;3;4;110,1
03/06/25;3;3;5;116,66
03/06/25;3;3;6;146,01
03/06/25;3;3;7;193,06
03/06/25;3;3;8;153,33
03/06/25;3;3;9;108,5
03/06/25;3;3;10;79,59
03/06/25;3;3;11;28,64
03/06/25;3;3;12;5,1
03/06/25;3;3;13;1,23
03/06/25;3;3;14;0,57
03/06/25;3;3;15;13,16
03/06/25;3;3;16;73,46
03/06/25;3;3;17;121,21
03/06/25;3;3;18;220,01
03/06/25;3;3;19;270
03/06/25;3;3;20;259,43
03/06/25;3;3;21;221,8
03/06/25;3;3;22;162,55
03/06/25;3;3;23;161,8
03/06/25;3;3;24;128,4
03/07/25;4;3;1;109,86
03/07/25;4;3;2;108,5
03/07/25;4;3;3;101,95
03/07/25;4;3;4;103,78
03/07/25;4;3;5;107,42
03/07/25;4;3;6;129,92
03/07/25;4;3;7;153,3
03/07/25;4;3;8;151,28
03/07/25;4;3;9;120,04
03/07/25;4;3;10;30,65
03/07/25;4;3;11;14,04
03/07/25;4;3;12;12,27
03/07/25;4;3;13;12,79
03/07/25;4;3;14;8,02
03/07/25;4;3;15;38,15
03/07/25;4;3;16;94,72
03/07/25;4;3;17;133,66
03/07/25;4;3;18;163,1
03/07/25;4;3;19;229,94
03/07/25;4;3;20;197,89
03/07/25;4;3;21;165,89
03/07/25;4;3;22;138,63
03/07/25;4;3;23;131,17
03/07/25;4;3;24;128,95
03/08/25;5;3;1;135,7
03/08/25;5;3;2;129,17
03/08/25;5;3;3;130,89
03/08/25;5;3;4;127,6
03/08/25;5;3;5;130,07
03/08/25;5;3;6;140,96
03/08/25;5;3;7;134,04
03/08/25;5;3;8;123,29
03/08/25;5;3;9;98,04
03/08/25;5;3;10;28,86
03/08/25;5;3;11;12,88
03/08/25;5;3;12;2,21
03/08/25;5;3;13;0,52
03/08/25;5;3;14;0
03/08/25;5;3;15;0,07
03/08/25;5;3;16;59,29
03/08/25;5;3;17;123,55
03/08/25;5;3;18;168,73
03/08/25;5;3;19;220,88
03/08/25;5;3;20;217,73
03/08/25;5;3;21;179,86
03/08/25;5;3;22;168,33
03/08/25;5;3;23;158,17
03/08/25;5;3;24;122,2
03/09/25;6;3;1;112,6
03/09/25;6;3;2;110,35
03/09/25;6;3;3;106,96
03/09/25;6;3;4;107,07
03/09/25;6;3;5;110,35
03/09/25;6;3;6;112,21
03/09/25;6;3;7;108,53
03/09/25;6;3;8;96,98
03/09/25;6;3;9;12,79
03/09/25;6;3;10;7,65
03/09/25;6;3;11;7,64
03/09/25;6;3;12;0,04
03/09/25;6;3;13;0,04
03/09/25;6;3;14;-0,69
03/09/25;6;3;15;0,6
03/09/25;6;3;16;17,39
03/09/25;6;3;17;104,06
03/09/25;6;3;18;146,11
03/09/25;6;3;19;153,29
03/09/25;6;3;20;153,3
03/09/25;6;3;21;143,89
03/09/25;6;3;22;134,59
03/09/25;6;3;23;116,92
03/09/25;6;3;24;111,67
03/10/25;0;3;1;99,71
03/10/25;0;3;2;99,04
03/10/25;0;3;3;98,99
03/10/25;0;3;4;99,04
03/10/25;0;3;5;102,68
03/10/25;0;3;6;116,61
03/10/25;0;3;7;154,66
03/10/25;0;3;8;158,87
03/10/25;0;3;9;106,88
03/10/25;0;3;10;35,35
03/10/25;0;3;11;34,6
03/10/25;0;3;12;15
03/10/25;0;3;13;15,98
03/10/25;0;3;14;39,54
03/10/25;0;3;15;75,91
03/10/25;0;3;16;99,81
03/10/25;0;3;17;131,26
03/10/25;0;3;18;146,11
03/10/25;0;3;19;174,8
03/10/25;0;3;20;159,42
03/10/25;0;3;21;141,3
03/10/25;0;3;22;127,91
03/10/25;0;3;23;107,54
03/10/25;0;3;24;98,5
03/11/25;1;3;1;105,59
03/11/25;1;3;2;103,1
03/11/25;1;3;3;100,42
03/11/25;1;3;4;101,5
03/11/25;1;3;5;104,31
03/11/25;1;3;6;112,55
03/11/25;1;3;7;143,09
03/11/25;1;3;8;148,61
03/11/25;1;3;9;144,6
03/11/25;1;3;10;35,35
03/11/25;1;3;11;14,8
03/11/25;1;3;12;12,78
03/11/25;1;3;13;13,09
03/11/25;1;3;14;35,34
03/11/25;1;3;15;103,96
03/11/25;1;3;16;115,11
03/11/25;1;3;17;137,69
03/11/25;1;3;18;162,56
03/11/25;1;3;19;194,65
03/11/25;1;3;20;178,18
03/11/25;1;3;21;148,24
03/11/25;1;3;22;133,9
03/11/25;1;3;23;122,49
03/11/25;1;3;24;107,49
03/12/25;2;3;1;101,97
03/12/25;2;3;2;100,53
03/12/25;2;3;3;98,04
03/12/25;2;3;4;98,03
03/12/25;2;3;5;103,14
03/12/25;2;3;6;112,62
03/12/25;2;3;7;139,63
03/12/25;2;3;8;155,6
03/12/25;2;3;9;145,98
03/12/25;2;3;10;125
03/12/25;2;3;11;102,08
03/12/25;2;3;12;99,56
03/12/25;2;3;13;98,06
03/12/25;2;3;14;99,57
03/12/25;2;3;15;101,67
03/12/25;2;3;16;118,85
03/12/25;2;3;17;137,36
03/12/25;2;3;18;151,28
03/12/25;2;3;19;192,59
03/12/25;2;3;20;177,87
03/12/25;2;3;21;140,61
03/12/25;2;3;22;132,2
03/12/25;2;3;23;120
03/12/25;2;3;24;109,91
03/13/25;3;3;1;107,91
03/13/25;3;3;2;88,56
03/13/25;3;3;3;74,18
03/13/25;3;3;4;76
03/13/25;3;3;5;88,15
03/13/25;3;3;6;105,89
03/13/25;3;3;7;133,03
03/13/25;3;3;8;99,64
03/13/25;3;3;9;35,34
03/13/25;3;3;10;8,43
03/13/25;3;3;11;0,04
03/13/25;3;3;12;0,04
03/13/25;3;3;13;0,04
03/13/25;3;3;14;0,2
03/13/25;3;3;15;12,79
03/13/25;3;3;16;100,26
03/13/25;3;3;17;122,3
03/13/25;3;3;18;142,18
03/13/25;3;3;19;166,05
03/13/25;3;3;20;173,47
03/13/25;3;3;21;149
03/13/25;3;3;22;135,69
03/13/25;3;3;23;115,67
03/13/25;3;3;24;107,34
03/14/25;4;3;1;109,09
03/14/25;4;3;2;106
03/14/25;4;3;3;105,9
03/14/25;4;3;4;103,83
03/14/25;4;3;5;105,3
03/14/25;4;3;6;114,12
03/14/25;4;3;7;143,07
03/14/25;4;3;8;143,97
03/14/25;4;3;9;35,34
03/14/25;4;3;10;25,91
03/14/25;4;3;11;12,78
03/14/25;4;3;12;7,87
03/14/25;4;3;13;8,43
03/14/25;4;3;14;12,79
03/14/25;4;3;15;35,35
03/14/25;4;3;16;110,32
03/14/25;4;3;17;126,7
03/14/25;4;3;18;143
03/14/25;4;3;19;152,92
03/14/25;4;3;20;140
03/14/25;4;3;21;130,01
03/14/25;4;3;22;111,39
03/14/25;4;3;23;114
03/14/25;4;3;24;105,17
03/15/25;5;3;1;112,15
03/15/25;5;3;2;103,14
03/15/25;5;3;3;96
03/15/25;5;3;4;89,9
03/15/25;5;3;5;86,9
03/15/25;5;3;6;90,55
03/15/25;5;3;7;97,01
03/15/25;5;3;8;99,42
03/15/25;5;3;9;24,9
03/15/25;5;3;10;15,02
03/15/25;5;3;11;8
03/15/25;5;3;12;1,5
03/15/25;5;3;13;5
03/15/25;5;3;14;12,26
03/15/25;5;3;15;39,41
03/15/25;5;3;16;72,58
03/15/25;5;3;17;86,79
03/15/25;5;3;18;132,49
03/15/25;5;3;19;145,1
03/15/25;5;3;20;132,96
03/15/25;5;3;21;121,46
03/15/25;5;3;22;108,5
03/15/25;5;3;23;105,02
03/15/25;5;3;24;95,25
03/16/25;6;3;1;90,01
03/16/25;6;3;2;85,79
03/16/25;6;3;3;79,62
03/16/25;6;3;4;78,18
03/16/25;6;3;5;78,6
03/16/25;6;3;6;80,51
03/16/25;6;3;7;85,14
03/16/25;6;3;8;82,07
03/16/25;6;3;9;77,95
03/16/25;6;3;10;25
03/16/25;6;3;11;12,78
03/16/25;6;3;12;11,13
03/16/25;6;3;13;6,99
03/16/25;6;3;14;4,45
03/16/25;6;3;15;8,5
03/16/25;6;3;16;31
03/16/25;6;3;17;72,75
03/16/25;6;3;18;127,67
03/16/25;6;3;19;137,94
03/16/25;6;3;20;140
03/16/25;6;3;21;126,12
03/16/25;6;3;22;108,64
03/16/25;6;3;23;101,81
03/16/25;6;3;24;81,61
03/17/25;0;3;1;81,71
03/17/25;0;3;2;82,1
03/17/25;0;3;3;80,35
03/17/25;0;3;4;80,91
03/17/25;0;3;5;85,85
03/17/25;0;3;6;103,3
03/17/25;0;3;7;135,18
03/17/25;0;3;8;152,87
03/17/25;0;3;9;136,36
03/17/25;0;3;10;105,77
03/17/25;0;3;11;82,54
03/17/25;0;3;12;74,45
03/17/25;0;3;13;64,04
03/17/25;0;3;14;43,68
03/17/25;0;3;15;50,28
03/17/25;0;3;16;71,05
03/17/25;0;3;17;104,6
03/17/25;0;3;18;151,29
03/17/25;0;3;19;171,58
03/17/25;0;3;20;170
03/17/25;0;3;21;141,5
03/17/25;0;3;22;119,51
03/17/25;0;3;23;108,33
03/17/25;0;3;24;93,5
03/18/25;1;3;1;92,2
03/18/25;1;3;2;89,99
03/18/25;1;3;3;91,35
03/18/25;1;3;4;86,94
03/18/25;1;3;5;88,26
03/18/25;1;3;6;110,89
03/18/25;1;3;7;139,23
03/18/25;1;3;8;136,68
03/18/25;1;3;9;97,48
03/18/25;1;3;10;67,02
03/18/25;1;3;11;30,54
03/18/25;1;3;12;12,77
03/18/25;1;3;13;7,64
03/18/25;1;3;14;14,32
03/18/25;1;3;15;14,32
03/18/25;1;3;16;67,28
03/18/25;1;3;17;106,54
03/18/25;1;3;18;149,27
03/18/25;1;3;19;172,19
03/18/25;1;3;20;165,89
03/18/25;1;3;21;144,24
03/18/25;1;3;22;124,52
03/18/25;1;3;23;118,32
03/18/25;1;3;24;104,38
03/19/25;2;3;1;110,09
03/19/25;2;3;2;105,83
03/19/25;2;3;3;104,13
03/19/25;2;3;4;103,58
03/19/25;2;3;5;108,48
03/19/25;2;3;6;126,49
03/19/25;2;3;7;162,35
03/19/25;2;3;8;131,53
03/19/25;2;3;9;57,93
03/19/25;2;3;10;12,78
03/19/25;2;3;11;8,44
03/19/25;2;3;12;1,42
03/19/25;2;3;13;0,04
03/19/25;2;3;14;1,15
03/19/25;2;3;15;3,64
03/19/25;2;3;16;67,7
03/19/25;2;3;17;133,47
03/19/25;2;3;18;184,4
03/19/25;2;3;19;280,93
03/19/25;2;3;20;256
03/19/25;2;3;21;214,65
03/19/25;2;3;22;153,29
03/19/25;2;3;23;134,18
03/19/25;2;3;24;117,77
03/20/25;3;3;1;126,96
03/20/25;3;3;2;112,83
03/20/25;3;3;3;105,33
03/20/25;3;3;4;105,99
03/20/25;3;3;5;120,4
03/20/25;3;3;6;134,33
03/20/25;3;3;7;152,94
03/20/25;3;3;8;143,43
03/20/25;3;3;9;90,01
03/20/25;3;3;10;45
03/20/25;3;3;11;12,78
03/20/25;3;3;12;3,42
03/20/25;3;3;13;0,43
03/20/25;3;3;14;0,65
03/20/25;3;3;15;17,28
03/20/25;3;3;16;82,32
03/20/25;3;3;17;124,82
03/20/25;3;3;18;184,84
03/20/25;3;3;19;326,71
03/20/25;3;3;20;287,54
03/20/25;3;3;21;185,02
03/20/25;3;3;22;153,29
03/20/25;3;3;23;135
03/20/25;3;3;24;126,4
03/21/25;4;3;1;130,52
03/21/25;4;3;2;120,49
03/21/25;4;3;3;117,35
03/21/25;4;3;4;114,81
03/21/25;4;3;5;118,58
03/21/25;4;3;6;140,94
03/21/25;4;3;7;168,29
03/21/25;4;3;8;145
03/21/25;4;3;9;101,16
03/21/25;4;3;10;30,22
03/21/25;4;3;11;12,77
03/21/25;4;3;12;7
03/21/25;4;3;13;1,55
03/21/25;4;3;14;0,2
03/21/25;4;3;15;5,98
03/21/25;4;3;16;59,73
03/21/25;4;3;17;120,98
03/21/25;4;3;18;153,3
03/21/25;4;3;19;225,21
03/21/25;4;3;20;189,14
03/21/25;4;3;21;160,32
03/21/25;4;3;22;148,18
03/21/25;4;3;23;135,85
03/21/25;4;3;24;125,15
03/22/25;5;3;1;101,2
03/22/25;5;3;2;91,07
03/22/25;5;3;3;99,05
03/22/25;5;3;4;97,45
03/22/25;5;3;5;100,51
03/22/25;5;3;6;104,91
03/22/25;5;3;7;88,41
03/22/25;5;3;8;69,32
03/22/25;5;3;9;54,62
03/22/25;5;3;10;45,39
03/22/25;5;3;11;20
03/22/25;5;3;12;12,78
03/22/25;5;3;13;13,03
03/22/25;5;3;14;39,6
03/22/25;5;3;15;52,84
03/22/25;5;3;16;80
03/22/25;5;3;17;122,41
03/22/25;5;3;18;126,77
03/22/25;5;3;19;131,15
03/22/25;5;3;20;128,5
03/22/25;5;3;21;122,8
03/22/25;5;3;22;79,57
03/22/25;5;3;23;74,85
03/22/25;5;3;24;60,66
03/23/25;6;3;1;33,3
03/23/25;6;3;2;34,08
03/23/25;6;3;3;42,12
03/23/25;6;3;4;40,93
03/23/25;6;3;5;40,67
03/23/25;6;3;6;40,44
03/23/25;6;3;7;41,65
03/23/25;6;3;8;34,49
03/23/25;6;3;9;12,71
03/23/25;6;3;10;13,62
03/23/25;6;3;11;13,78
03/23/25;6;3;12;9,6
03/23/25;6;3;13;13,49
03/23/25;6;3;14;5,01
03/23/25;6;3;15;11,46
03/23/25;6;3;16;43,08
03/23/25;6;3;17;88,57
03/23/25;6;3;18;127,74
03/23/25;6;3;19;143,92
03/23/25;6;3;20;143,58
03/23/25;6;3;21;129,75
03/23/25;6;3;22;128,9
03/23/25;6;3;23;126,66
03/23/25;6;3;24;114,24
03/24/25;0;3;1;97,54
03/24/25;0;3;2;104,28
03/24/25;0;3;3;100,36
03/24/25;0;3;4;98,97
03/24/25;0;3;5;102,23
03/24/25;0;3;6;120,34
03/24/25;0;3;7;142,45
03/24/25;0;3;8;164,33
03/24/25;0;3;9;162,31
03/24/25;0;3;10;135,77
03/24/25;0;3;11;111,48
03/24/25;0;3;12;109,59
03/24/25;0;3;13;104,45
03/24/25;0;3;14;106,94
03/24/25;0;3;15;115,14
03/24/25;0;3;16;123,77
03/24/25;0;3;17;135,27
03/24/25;0;3;18;155,11
03/24/25;0;3;19;212,52
03/24/25;0;3;20;193,26
03/24/25;0;3;21;161,98
03/24/25;0;3;22;139,4
03/24/25;0;3;23;126,42
03/24/25;0;3;24;115,56
03/25/25;1;3;1;95,99
03/25/25;1;3;2;102,29
03/25/25;1;3;3;100,77
03/25/25;1;3;4;104,48
03/25/25;1;3;5;104,11
03/25/25;1;3;6;109,29
03/25/25;1;3;7;139,13
03/25/25;1;3;8;143,29
03/25/25;1;3;9;138,07
03/25/25;1;3;10;114,78
03/25/25;1;3;11;106,98
03/25/25;1;3;12;100,34
03/25/25;1;3;13;94,54
03/25/25;1;3;14;95,68
03/25/25;1;3;15;110,34
03/25/25;1;3;16;134,24
03/25/25;1;3;17;147,63
03/25/25;1;3;18;175,04
03/25/25;1;3;19;188,87
03/25/25;1;3;20;174,33
03/25/25;1;3;21;148,6
03/25/25;1;3;22;139,93
03/25/25;1;3;23;127,15
03/25/25;1;3;24;102,05
03/26/25;2;3;1;101,02
03/26/25;2;3;2;98,71
03/26/25;2;3;3;98,54
03/26/25;2;3;4;100,17
03/26/25;2;3;5;103,19
03/26/25;2;3;6;112,65
03/26/25;2;3;7;136,06
03/26/25;2;3;8;150
03/26/25;2;3;9;137,79
03/26/25;2;3;10;112,03
03/26/25;2;3;11;100,14
03/26/25;2;3;12;96,85
03/26/25;2;3;13;95,05
03/26/25;2;3;14;85,69
03/26/25;2;3;15;99,28
03/26/25;2;3;16;103,78
03/26/25;2;3;17;121,65
03/26/25;2;3;18;146,42
03/26/25;2;3;19;168,38
03/26/25;2;3;20;173,64
03/26/25;2;3;21;157,65
03/26/25;2;3;22;131,93
03/26/25;2;3;23;124,94
03/26/25;2;3;24;110,7
03/27/25;3;3;1;105,16
03/27/25;3;3;2;99,41
03/27/25;3;3;3;97,98
03/27/25;3;3;4;99,28
03/27/25;3;3;5;98,38
03/27/25;3;3;6;105,66
03/27/25;3;3;7;131,58
03/27/25;3;3;8;140,63
03/27/25;3;3;9;123,5
03/27/25;3;3;10;89,92
03/27/25;3;3;11;82,98
03/27/25;3;3;12;45,67
03/27/25;3;3;13;44,24
03/27/25;3;3;14;57,15
03/27/25;3;3;15;100
03/27/25;3;3;16;105,19
03/27/25;3;3;17;123,62
03/27/25;3;3;18;135,25
03/27/25;3;3;19;200,06
03/27/25;3;3;20;204,43
03/27/25;3;3;21;144,95
03/27/25;3;3;22;124,97
03/27/25;3;3;23;113,59
03/27/25;3;3;24;101,2
03/28/25;4;3;1;91,36
03/28/25;4;3;2;79,44
03/28/25;4;3;3;79,02
03/28/25;4;3;4;79,59
03/28/25;4;3;5;80,13
03/28/25;4;3;6;108,98
03/28/25;4;3;7;128,68
03/28/25;4;3;8;122,2
03/28/25;4;3;9;102,08
03/28/25;4;3;10;70
03/28/25;4;3;11;64,53
03/28/25;4;3;12;31,55
03/28/25;4;3;13;46,78
03/28/25;4;3;14;65,04
03/28/25;4;3;15;70,03
03/28/25;4;3;16;104,03
03/28/25;4;3;17;110,09
03/28/25;4;3;18;134,72
03/28/25;4;3;19;166,64
03/28/25;4;3;20;166,05
03/28/25;4;3;21;150,99
03/28/25;4;3;22;127,7
03/28/25;4;3;23;120,63
03/28/25;4;3;24;111,45
03/29/25;5;3;1;104,81
03/29/25;5;3;2;93,06
03/29/25;5;3;3;82,44
03/29/25;5;3;4;82,44
03/29/25;5;3;5;94,6
03/29/25;5;3;6;95,18
03/29/25;5;3;7;20
03/29/25;5;3;8;90
03/29/25;5;3;9;85
03/29/25;5;3;10;80
03/29/25;5;3;11;86,67
03/29/25;5;3;12;90
03/29/25;5;3;13;86,2
03/29/25;5;3;14;73,6
03/29/25;5;3;15;84,77
03/29/25;5;3;16;89,94
03/29/25;5;3;17;113,97
03/29/25;5;3;18;128,11
03/29/25;5;3;19;158,1
03/29/25;5;3;20;160
03/29/25;5;3;21;131,99
03/29/25;5;3;22;108,31
03/29/25;5;3;23;86,98
03/29/25;5;3;24;69,58
03/30/25;6;3;1;46,24
03/30/25;6;3;2;15,88
03/30/25;6;3;4;5,09
03/30/25;6;3;5;1,2
03/30/25;6;3;6;0,09
03/30/25;6;3;7;1,23
03/30/25;6;3;8;1,31
03/30/25;6;3;9;1,95
03/30/25;6;3;10;0,13
03/30/25;6;3;11;0
03/30/25;6;3;12;-4,47
03/30/25;6;3;13;-16,16
03/30/25;6;3;14;-23,53
03/30/25;6;3;15;-10,05
03/30/25;6;3;16;-0,8
03/30/25;6;3;17;0
03/30/25;6;3;18;47,59
03/30/25;6;3;19;156,96
03/30/25;6;3;20;225,59
03/30/25;6;3;21;190
03/30/25;6;3;22;127,74
03/30/25;6;3;23;90,41
03/30/25;6;3;24;116,53
03/31/25;0;3;1;73,97
03/31/25;0;3;2;65,79
03/31/25;0;3;3;66,03
03/31/25;0;3;4;69,94
03/31/25;0;3;5;73,09
03/31/25;0;3;6;99,15
03/31/25;0;3;7;205,45
03/31/25;0;3;8;241,32
03/31/25;0;3;9;176,96
03/31/25;0;3;10;136,96
03/31/25;0;3;11;113,73
03/31/25;0;3;12;104,54
03/31/25;0;3;13;92,13
03/31/25;0;3;14;85,43
03/31/25;0;3;15;77,28
03/31/25;0;3;16;75,11
03/31/25;0;3;17;94,76
03/31/25;0;3;18;120,21
03/31/25;0;3;19;143,96
03/31/25;0;3;20;235,29
03/31/25;0;3;21;205,45
03/31/25;0;3;22;136,58
03/31/25;0;3;23;116,07
03/31/25;0;3;24;102,62
04/01/25;1;4;1;102,41
04/01/25;1;4;2;96,44
04/01/25;1;4;3;94,49
04/01/25;1;4;4;95,8
04/01/25;1;4;5;93,51
04/01/25;1;4;6;103,1
04/01/25;1;4;7;132,16
04/01/25;1;4;8;176,76
04/01/25;1;4;9;159,37
04/01/25;1;4;10;109,88
04/01/25;1;4;11;89,01
04/01/25;1;4;12;76,17
04/01/25;1;4;13;65,13
04/01/25;1;4;14;43,53
04/01/25;1;4;15;47,16
04/01/25;1;4;16;57,24
04/01/25;1;4;17;89,33
04/01/25;1;4;18;110,14
04/01/25;1;4;19;142,6
04/01/25;1;4;20;170,97
04/01/25;1;4;21;153,29
04/01/25;1;4;22;114,7
04/01/25;1;4;23;98,06
04/01/25;1;4;24;80,95
04/02/25;2;4;1;70,21
04/02/25;2;4;2;70
04/02/25;2;4;3;69,94
04/02/25;2;4;4;71,58
04/02/25;2;4;5;72,63
04/02/25;2;4;6;86,19
04/02/25;2;4;7;120,31
04/02/25;2;4;8;154,82
04/02/25;2;4;9;126,03
04/02/25;2;4;10;86,14
04/02/25;2;4;11;65,58
04/02/25;2;4;12;47,84
04/02/25;2;4;13;46,34
04/02/25;2;4;14;44,2
04/02/25;2;4;15;44,67
04/02/25;2;4;16;70,32
04/02/25;2;4;17;84,45
04/02/25;2;4;18;108,5
04/02/25;2;4;19;117,77
04/02/25;2;4;20;153,29
04/02/25;2;4;21;135,12
04/02/25;2;4;22;108,66
04/02/25;2;4;23;90,05
04/02/25;2;4;24;75,22
04/03/25;3;4;1;73,09
04/03/25;3;4;2;76,64
04/03/25;3;4;3;72,26
04/03/25;3;4;4;72,05
04/03/25;3;4;5;78,95
04/03/25;3;4;6;102,82
04/03/25;3;4;7;141,51
04/03/25;3;4;8;165,94
04/03/25;3;4;9;133,3
04/03/25;3;4;10;79,11
04/03/25;3;4;11;41,38
04/03/25;3;4;12;3,1
04/03/25;3;4;13;0,04
04/03/25;3;4;14;0,6
04/03/25;3;4;15;5,11
04/03/25;3;4;16;8,43
04/03/25;3;4;17;43,96
04/03/25;3;4;18;95
04/03/25;3;4;19;146,51
04/03/25;3;4;20;195,91
04/03/25;3;4;21;185,07
04/03/25;3;4;22;143,86
04/03/25;3;4;23;115,56
04/03/25;3;4;24;106,49
04/04/25;4;4;1;111,09
04/04/25;4;4;2;106,13
04/04/25;4;4;3;106,69
04/04/25;4;4;4;106,76
04/04/25;4;4;5;110,09
04/04/25;4;4;6;116,21
04/04/25;4;4;7;157,53
04/04/25;4;4;8;184,66
04/04/25;4;4;9;141,75
04/04/25;4;4;10;96,61
04/04/25;4;4;11;65,42
04/04/25;4;4;12;7,82
04/04/25;4;4;13;0
04/04/25;4;4;14;0
04/04/25;4;4;15;0
04/04/25;4;4;16;1,6
04/04/25;4;4;17;55
04/04/25;4;4;18;110,35
04/04/25;4;4;19;131,75
04/04/25;4;4;20;178,74
04/04/25;4;4;21;169,59
04/04/25;4;4;22;138,32
04/04/25;4;4;23;137,16
04/04/25;4;4;24;112,65
04/05/25;5;4;1;124,51
04/05/25;5;4;2;117,36
04/05/25;5;4;3;110,34
04/05/25;5;4;4;108,34
04/05/25;5;4;5;107,94
04/05/25;5;4;6;108,7
04/05/25;5;4;7;120,58
04/05/25;5;4;8;116,55
04/05/25;5;4;9;102,2
04/05/25;5;4;10;57,79
04/05/25;5;4;11;0,66
04/05/25;5;4;12;-0,8
04/05/25;5;4;13;-13,68
04/05/25;5;4;14;-13,69
04/05/25;5;4;15;-4,02
04/05/25;5;4;16;0
04/05/25;5;4;17;10,05
04/05/25;5;4;18;45,89
04/05/25;5;4;19;87,33
04/05/25;5;4;20;158,57
04/05/25;5;4;21;134,61
04/05/25;5;4;22;101,33
04/05/25;5;4;23;78,99
04/05/25;5;4;24;68,75
04/06/25;6;4;1;70,45
04/06/25;6;4;2;62,18
04/06/25;6;4;3;64,25
04/06/25;6;4;4;70,54
04/06/25;6;4;5;72,49
04/06/25;6;4;6;80,34
04/06/25;6;4;7;79,59
04/06/25;6;4;8;81,13
04/06/25;6;4;9;38,34
04/06/25;6;4;10;0,1
04/06/25;6;4;11;0
04/06/25;6;4;12;0
04/06/25;6;4;13;0
04/06/25;6;4;14;0
04/06/25;6;4;15;0
04/06/25;6;4;16;0
04/06/25;6;4;17;1,12
04/06/25;6;4;18;75,15
04/06/25;6;4;19;141,13
04/06/25;6;4;20;153,3
04/06/25;6;4;21;144,9
04/06/25;6;4;22;125,67
04/06/25;6;4;23;114,51
04/06/25;6;4;24;102,15
04/07/25;0;4;1;89,64
04/07/25;0;4;2;88,28
04/07/25;0;4;3;84,66
04/07/25;0;4;4;86,88
04/07/25;0;4;5;88,6
04/07/25;0;4;6;102,06
04/07/25;0;4;7;132,38
04/07/25;0;4;8;176,93
04/07/25;0;4;9;144,41
04/07/25;0;4;10;108,67
04/07/25;0;4;11;84,64
04/07/25;0;4;12;64,81
04/07/25;0;4;13;44,5
04/07/25;0;4;14;46,34
04/07/25;0;4;15;61,1
04/07/25;0;4;16;77,54
04/07/25;0;4;17;94,13
04/07/25;0;4;18;116,7
04/07/25;0;4;19;166,99
04/07/25;0;4;20;229,99
04/07/25;0;4;21;199,38
04/07/25;0;4;22;153,29
04/07/25;0;4;23;130,01
04/07/25;0;4;24;112,57
04/08/25;1;4;1;95,06
04/08/25;1;4;2;90,1
04/08/25;1;4;3;90,91
04/08/25;1;4;4;92,68
04/08/25;1;4;5;94,77
04/08/25;1;4;6;110,59
04/08/25;1;4;7;153,29
04/08/25;1;4;8;180,97
04/08/25;1;4;9;136,77
04/08/25;1;4;10;91,31
04/08/25;1;4;11;67,02
04/08/25;1;4;12;71,33
04/08/25;1;4;13;47,59
04/08/25;1;4;14;43,43
04/08/25;1;4;15;56,46
04/08/25;1;4;16;85
04/08/25;1;4;17;108,7
04/08/25;1;4;18;112,85
04/08/25;1;4;19;197,66
04/08/25;1;4;20;262,7
04/08/25;1;4;21;250,43
04/08/25;1;4;22;153,3
04/08/25;1;4;23;128,33
04/08/25;1;4;24;112,67
04/09/25;2;4;1;117,95
04/09/25;2;4;2;112,99
04/09/25;2;4;3;108,69
04/09/25;2;4;4;107,47
04/09/25;2;4;5;113,57
04/09/25;2;4;6;129,24
04/09/25;2;4;7;164,02
04/09/25;2;4;8;177,5
04/09/25;2;4;9;122,51
04/09/25;2;4;10;93,66
04/09/25;2;4;11;85,47
04/09/25;2;4;12;64,38
04/09/25;2;4;13;15,16
04/09/25;2;4;14;17,86
04/09/25;2;4;15;60
04/09/25;2;4;16;80
04/09/25;2;4;17;108,69
04/09/25;2;4;18;138,66
04/09/25;2;4;19;210,52
04/09/25;2;4;20;308
04/09/25;2;4;21;302,32
04/09/25;2;4;22;203,13
04/09/25;2;4;23;175
04/09/25;2;4;24;119,96
04/10/25;3;4;1;114,56
04/10/25;3;4;2;102,26
04/10/25;3;4;3;98,63
04/10/25;3;4;4;97,21
04/10/25;3;4;5;107,37
04/10/25;3;4;6;122,83
04/10/25;3;4;7;153,3
04/10/25;3;4;8;177,67
04/10/25;3;4;9;138,19
04/10/25;3;4;10;63,55
04/10/25;3;4;11;46,34
04/10/25;3;4;12;37,15
04/10/25;3;4;13;16,66
04/10/25;3;4;14;2,48
04/10/25;3;4;15;0,09
04/10/25;3;4;16;2,22
04/10/25;3;4;17;68,08
04/10/25;3;4;18;83
04/10/25;3;4;19;117,24
04/10/25;3;4;20;165,35
04/10/25;3;4;21;174,89
04/10/25;3;4;22;136,67
04/10/25;3;4;23;115,89
04/10/25;3;4;24;85,32
04/11/25;4;4;1;79,33
04/11/25;4;4;2;75,56
04/11/25;4;4;3;67,4
04/11/25;4;4;4;68,43
04/11/25;4;4;5;76,37
04/11/25;4;4;6;85,56
04/11/25;4;4;7;110,93
04/11/25;4;4;8;112
04/11/25;4;4;9;70,32
04/11/25;4;4;10;62,57
04/11/25;4;4;11;11,29
04/11/25;4;4;12;0,28
04/11/25;4;4;13;0
04/11/25;4;4;14;0
04/11/25;4;4;15;0
04/11/25;4;4;16;0,01
04/11/25;4;4;17;47,06
04/11/25;4;4;18;95
04/11/25;4;4;19;150,7
04/11/25;4;4;20;215,2
04/11/25;4;4;21;206,31
04/11/25;4;4;22;171,23
04/11/25;4;4;23;145,87
04/11/25;4;4;24;110,02
04/12/25;5;4;1;111,15
04/12/25;5;4;2;107,8
04/12/25;5;4;3;104,08
04/12/25;5;4;4;102,09
04/12/25;5;4;5;102,98
04/12/25;5;4;6;103,88
04/12/25;5;4;7;111,07
04/12/25;5;4;8;106,49
04/12/25;5;4;9;98,42
04/12/25;5;4;10;68,98
04/12/25;5;4;11;20,19
04/12/25;5;4;12;0
04/12/25;5;4;13;-7,94
04/12/25;5;4;14;-13,46
04/12/25;5;4;15;-5,12
04/12/25;5;4;16;0
04/12/25;5;4;17;8,44
04/12/25;5;4;18;87,15
04/12/25;5;4;19;121,21
04/12/25;5;4;20;195,49
04/12/25;5;4;21;206,96
04/12/25;5;4;22;153,29
04/12/25;5;4;23;135,86
04/12/25;5;4;24;111,64
04/13/25;6;4;1;106,59
04/13/25;6;4;2;85
04/13/25;6;4;3;64,29
04/13/25;6;4;4;66,39
04/13/25;6;4;5;66,22
04/13/25;6;4;6;68,33
04/13/25;6;4;7;61,3
04/13/25;6;4;8;27,75
04/13/25;6;4;9;13,19
04/13/25;6;4;10;8,43
04/13/25;6;4;11;0
04/13/25;6;4;12;-0,02
04/13/25;6;4;13;-3,72
04/13/25;6;4;14;-18,84
04/13/25;6;4;15;-25,38
04/13/25;6;4;16;-9,93
04/13/25;6;4;17;-0,01
04/13/25;6;4;18;64,84
04/13/25;6;4;19;108,05
04/13/25;6;4;20;152,78
04/13/25;6;4;21;126
04/13/25;6;4;22;153,3
04/13/25;6;4;23;106,53
04/13/25;6;4;24;98,38
04/14/25;0;4;1;91,7
04/14/25;0;4;2;86,5
04/14/25;0;4;3;85,75
04/14/25;0;4;4;86,09
04/14/25;0;4;5;88,89
04/14/25;0;4;6;107,44
04/14/25;0;4;7;124,44
04/14/25;0;4;8;153,49
04/14/25;0;4;9;144,23
04/14/25;0;4;10;112,21
04/14/25;0;4;11;103,48
04/14/25;0;4;12;101,98
04/14/25;0;4;13;100,03
04/14/25;0;4;14;88,11
04/14/25;0;4;15;80,12
04/14/25;0;4;16;89,6
04/14/25;0;4;17;108,01
04/14/25;0;4;18;112,52
04/14/25;0;4;19;141,37
04/14/25;0;4;20;186,41
04/14/25;0;4;21;172,07
04/14/25;0;4;22;114,35
04/14/25;0;4;23;95,01
04/14/25;0;4;24;84,11
04/15/25;1;4;1;83,12
04/15/25;1;4;2;81,41
04/15/25;1;4;3;75,17
04/15/25;1;4;4;73,24
04/15/25;1;4;5;75,65
04/15/25;1;4;6;95,27
04/15/25;1;4;7;115,3
04/15/25;1;4;8;125,03
04/15/25;1;4;9;111,19
04/15/25;1;4;10;112,33
04/15/25;1;4;11;99,29
04/15/25;1;4;12;95,48
04/15/25;1;4;13;100,45
04/15/25;1;4;14;94,76
04/15/25;1;4;15;94,75
04/15/25;1;4;16;99,47
04/15/25;1;4;17;108,69
04/15/25;1;4;18;108,2
04/15/25;1;4;19;111,76
04/15/25;1;4;20;150,77
04/15/25;1;4;21;153,2
04/15/25;1;4;22;116,14
04/15/25;1;4;23;111,19
04/15/25;1;4;24;102,23
04/16/25;2;4;1;91,3
04/16/25;2;4;2;86,06
04/16/25;2;4;3;86,34
04/16/25;2;4;4;94,76
04/16/25;2;4;5;99,42
04/16/25;2;4;6;105,85
04/16/25;2;4;7;126,9
04/16/25;2;4;8;135,6
04/16/25;2;4;9;109,94
04/16/25;2;4;10;53,88
04/16/25;2;4;11;11,2
04/16/25;2;4;12;3
04/16/25;2;4;13;0,04
04/16/25;2;4;14;0
04/16/25;2;4;15;0,02
04/16/25;2;4;16;11,57
04/16/25;2;4;17;63,49
04/16/25;2;4;18;96,36
04/16/25;2;4;19;118,4
04/16/25;2;4;20;165,33
04/16/25;2;4;21;167,99
04/16/25;2;4;22;122,63
04/16/25;2;4;23;110,4
04/16/25;2;4;24;98,59
04/17/25;3;4;1;91,55
04/17/25;3;4;2;86,35
04/17/25;3;4;3;84,87
04/17/25;3;4;4;84,06
04/17/25;3;4;5;85,78
04/17/25;3;4;6;92,57
04/17/25;3;4;7;110,75
04/17/25;3;4;8;123,48
04/17/25;3;4;9;90,37
04/17/25;3;4;10;51,64
04/17/25;3;4;11;27,56
04/17/25;3;4;12;14,81
04/17/25;3;4;13;8,99
04/17/25;3;4;14;5,11
04/17/25;3;4;15;12,78
04/17/25;3;4;16;73,76
04/17/25;3;4;17;89,64
04/17/25;3;4;18;101,89
04/17/25;3;4;19;115,84
04/17/25;3;4;20;133,88
04/17/25;3;4;21;125,47
04/17/25;3;4;22;113,95
04/17/25;3;4;23;98,9
04/17/25;3;4;24;96,89
04/18/25;4;4;1;90,14
04/18/25;4;4;2;81,53
04/18/25;4;4;3;78,41
04/18/25;4;4;4;78
04/18/25;4;4;5;78,96
04/18/25;4;4;6;78,41
04/18/25;4;4;7;80,72
04/18/25;4;4;8;85,74
04/18/25;4;4;9;86,99
04/18/25;4;4;10;46,33
04/18/25;4;4;11;51,32
04/18/25;4;4;12;26
04/18/25;4;4;13;44,43
04/18/25;4;4;14;37,97
04/18/25;4;4;15;36,87
04/18/25;4;4;16;45,2
04/18/25;4;4;17;80,13
04/18/25;4;4;18;94,63
04/18/25;4;4;19;108,69
04/18/25;4;4;20;129,59
04/18/25;4;4;21;139,68
04/18/25;4;4;22;120,66
04/18/25;4;4;23;111,51
04/18/25;4;4;24;104,03
04/19/25;5;4;1;94
04/19/25;5;4;2;83,87
04/19/25;5;4;3;88,45
04/19/25;5;4;4;86,62
04/19/25;5;4;5;89,06
04/19/25;5;4;6;95,5
04/19/25;5;4;7;100,2
04/19/25;5;4;8;96,54
04/19/25;5;4;9;82,65
04/19/25;5;4;10;54,69
04/19/25;5;4;11;15,53
04/19/25;5;4;12;4,54
04/19/25;5;4;13;0
04/19/25;5;4;14;-2,54
04/19/25;5;4;15;-6,15
04/19/25;5;4;16;-0,74
04/19/25;5;4;17;0,2
04/19/25;5;4;18;69,95
04/19/25;5;4;19;110,39
04/19/25;5;4;20;136,79
04/19/25;5;4;21;173,93
04/19/25;5;4;22;135,8
04/19/25;5;4;23;117,5
04/19/25;5;4;24;100,67
04/20/25;6;4;1;102,5
04/20/25;6;4;2;98,48
04/20/25;6;4;3;96,13
04/20/25;6;4;4;99,07
04/20/25;6;4;5;98,4
04/20/25;6;4;6;97,53
04/20/25;6;4;7;98,18
04/20/25;6;4;8;81,51
04/20/25;6;4;9;10,43
04/20/25;6;4;10;1,04
04/20/25;6;4;11;-1
04/20/25;6;4;12;-40,05
04/20/25;6;4;13;-100,46
04/20/25;6;4;14;-100,02
04/20/25;6;4;15;-63,41
04/20/25;6;4;16;-8,6
04/20/25;6;4;17;0
04/20/25;6;4;18;65,28
04/20/25;6;4;19;107,21
04/20/25;6;4;20;113,73
04/20/25;6;4;21;139,41
04/20/25;6;4;22;130,5
04/20/25;6;4;23;121,52
04/20/25;6;4;24;111,21
04/21/25;0;4;1;107,29
04/21/25;0;4;2;99,58
04/21/25;0;4;3;95,14
04/21/25;0;4;4;94,98
04/21/25;0;4;5;98,54
04/21/25;0;4;6;97,98
04/21/25;0;4;7;94,43
04/21/25;0;4;8;88,1
04/21/25;0;4;9;12,78
04/21/25;0;4;10;8,44
04/21/25;0;4;11;0,9
04/21/25;0;4;12;-0,02
04/21/25;0;4;13;-28,21
04/21/25;0;4;14;-35,55
04/21/25;0;4;15;-4,61
04/21/25;0;4;16;9,34
04/21/25;0;4;17;45,2
04/21/25;0;4;18;80
04/21/25;0;4;19;100,45
04/21/25;0;4;20;121,13
04/21/25;0;4;21;139,23
04/21/25;0;4;22;132,1
04/21/25;0;4;23;122,77
04/21/25;0;4;24;106,5
04/22/25;1;4;1;97,3
04/22/25;1;4;2;89,59
04/22/25;1;4;3;88,34
04/22/25;1;4;4;85,81
04/22/25;1;4;5;86,54
04/22/25;1;4;6;103,46
04/22/25;1;4;7;123,91
04/22/25;1;4;8;151,67
04/22/25;1;4;9;110,82
04/22/25;1;4;10;92,63
04/22/25;1;4;11;50,01
04/22/25;1;4;12;50
04/22/25;1;4;13;30,4
04/22/25;1;4;14;50
04/22/25;1;4;15;71,74
04/22/25;1;4;16;78,95
04/22/25;1;4;17;86,08
04/22/25;1;4;18;108,69
04/22/25;1;4;19;146
04/22/25;1;4;20;225,41
04/22/25;1;4;21;253,12
04/22/25;1;4;22;154,57
04/22/25;1;4;23;124,45
04/22/25;1;4;24;115,56
04/23/25;2;4;1;110,3
04/23/25;2;4;2;101,72
04/23/25;2;4;3;100,13
04/23/25;2;4;4;100,08
04/23/25;2;4;5;104,37
04/23/25;2;4;6;113,59
04/23/25;2;4;7;137,45
04/23/25;2;4;8;144,7
04/23/25;2;4;9;110,25
04/23/25;2;4;10;27,6
04/23/25;2;4;11;21,7
04/23/25;2;4;12;16
04/23/25;2;4;13;19,39
04/23/25;2;4;14;60
04/23/25;2;4;15;87,06
04/23/25;2;4;16;96,01
04/23/25;2;4;17;102,76
04/23/25;2;4;18;112
04/23/25;2;4;19;139,97
04/23/25;2;4;20;185
04/23/25;2;4;21;211,97
04/23/25;2;4;22;127,93
04/23/25;2;4;23;108,56
04/23/25;2;4;24;105,49
04/24/25;3;4;1;98,65
04/24/25;3;4;2;92,61
04/24/25;3;4;3;92,5
04/24/25;3;4;4;89,93
04/24/25;3;4;5;93,94
04/24/25;3;4;6;102,13
04/24/25;3;4;7;111,44
04/24/25;3;4;8;119,83
04/24/25;3;4;9;117,76
04/24/25;3;4;10;102,13
04/24/25;3;4;11;93,13
04/24/25;3;4;12;78,04
04/24/25;3;4;13;76,74
04/24/25;3;4;14;70,92
04/24/25;3;4;15;77,95
04/24/25;3;4;16;81,15
04/24/25;3;4;17;86,81
04/24/25;3;4;18;100
04/24/25;3;4;19;125,93
04/24/25;3;4;20;123,51
04/24/25;3;4;21;158,33
04/24/25;3;4;22;114,48
04/24/25;3;4;23;106,53
04/24/25;3;4;24;93,1
04/25/25;4;4;1;95,63
04/25/25;4;4;2;84,16
04/25/25;4;4;3;82,95
04/25/25;4;4;4;84,68
04/25/25;4;4;5;86,09
04/25/25;4;4;6;97,81
04/25/25;4;4;7;105,5
04/25/25;4;4;8;113,39
04/25/25;4;4;9;106,11
04/25/25;4;4;10;50,03
04/25/25;4;4;11;42,95
04/25/25;4;4;12;73,98
04/25/25;4;4;13;51,29
04/25/25;4;4;14;50,67
04/25/25;4;4;15;43,92
04/25/25;4;4;16;65,54
04/25/25;4;4;17;80,46
04/25/25;4;4;18;85,75
04/25/25;4;4;19;100,69
04/25/25;4;4;20;116,68
04/25/25;4;4;21;123,18
04/25/25;4;4;22;109,63
04/25/25;4;4;23;100,37
04/25/25;4;4;24;92,09
04/26/25;5;4;1;108,7
04/26/25;5;4;2;94,22
04/26/25;5;4;3;93,49
04/26/25;5;4;4;91,85
04/26/25;5;4;5;91,17
04/26/25;5;4;6;92,74
04/26/25;5;4;7;94,71
04/26/25;5;4;8;86,92
04/26/25;5;4;9;69,76
04/26/25;5;4;10;34,45
04/26/25;5;4;11;2,55
04/26/25;5;4;12;-0,01
04/26/25;5;4;13;-0,18
04/26/25;5;4;14;-4,2
04/26/25;5;4;15;-6,3
04/26/25;5;4;16;-1,18
04/26/25;5;4;17;0,01
04/26/25;5;4;18;30,99
04/26/25;5;4;19;79,56
04/26/25;5;4;20;111,16
04/26/25;5;4;21;115,9
04/26/25;5;4;22;95,53
04/26/25;5;4;23;86,11
04/26/25;5;4;24;73,58
04/27/25;6;4;1;69,51
04/27/25;6;4;2;61,7
04/27/25;6;4;3;58
04/27/25;6;4;4;58,7
04/27/25;6;4;5;64,39
04/27/25;6;4;6;67,27
04/27/25;6;4;7;66,86
04/27/25;6;4;8;62,52
04/27/25;6;4;9;35,05
04/27/25;6;4;10;0,04
04/27/25;6;4;11;0
04/27/25;6;4;12;0,01
04/27/25;6;4;13;-1,76
04/27/25;6;4;14;-5,11
04/27/25;6;4;15;-0,01
04/27/25;6;4;16;0,04
04/27/25;6;4;17;0,04
04/27/25;6;4;18;18,35
04/27/25;6;4;19;93,7
04/27/25;6;4;20;110,5
04/27/25;6;4;21;124,78
04/27/25;6;4;22;108,76
04/27/25;6;4;23;99
04/27/25;6;4;24;93,97
04/28/25;0;4;1;93,55
04/28/25;0;4;2;87,96
04/28/25;0;4;3;83,64
04/28/25;0;4;4;86,69
04/28/25;0;4;5;92,21
04/28/25;0;4;6;100,5
04/28/25;0;4;7;139,74
04/28/25;0;4;8;131,09
04/28/25;0;4;9;38,31
04/28/25;0;4;10;12,78
04/28/25;0;4;11;8,44
04/28/25;0;4;12;-0,01
04/28/25;0;4;13;-3,47
04/28/25;0;4;14;-5,9
04/28/25;0;4;15;-6,18
04/28/25;0;4;16;-1,54
04/28/25;0;4;17;2,16
04/28/25;0;4;18;73,31
04/28/25;0;4;19;110,32
04/28/25;0;4;20;153,46
04/28/25;0;4;21;198,18
04/28/25;0;4;22;129,31
04/28/25;0;4;23;106,13
04/28/25;0;4;24;97,01
04/29/25;1;4;1;92,32
04/29/25;1;4;2;88,35
04/29/25;1;4;3;83,48
04/29/25;1;4;4;81,22
04/29/25;1;4;5;82,35
04/29/25;1;4;6;91,99
04/29/25;1;4;7;106,99
04/29/25;1;4;8;112,96
04/29/25;1;4;9;12,73
04/29/25;1;4;10;8,43
04/29/25;1;4;11;1,51
04/29/25;1;4;12;0
04/29/25;1;4;13;-0,76
04/29/25;1;4;14;-1,9
04/29/25;1;4;15;-1
04/29/25;1;4;16;0
04/29/25;1;4;17;15
04/29/25;1;4;18;78,35
04/29/25;1;4;19;102
04/29/25;1;4;20;139,89
04/29/25;1;4;21;177,38
04/29/25;1;4;22;130,64
04/29/25;1;4;23;109,81
04/29/25;1;4;24;98,76
04/30/25;2;4;1;95
04/30/25;2;4;2;90,08
04/30/25;2;4;3;89,2
04/30/25;2;4;4;89,75
04/30/25;2;4;5;93,33
04/30/25;2;4;6;97,18
04/30/25;2;4;7;115
04/30/25;2;4;8;50,08
04/30/25;2;4;9;13,63
04/30/25;2;4;10;8,43
04/30/25;2;4;11;7,08
04/30/25;2;4;12;0
04/30/25;2;4;13;-1
04/30/25;2;4;14;-6,21
04/30/25;2;4;15;-3
04/30/25;2;4;16;-0,02
04/30/25;2;4;17;20,29
04/30/25;2;4;18;80,2
04/30/25;2;4;19;129,35
04/30/25;2;4;20;211,24
04/30/25;2;4;21;238,63
04/30/25;2;4;22;127,88
04/30/25;2;4;23;108,69
04/30/25;2;4;24;99,62
05/01/25;3;5;1;99,63
05/01/25;3;5;2;93,88
05/01/25;3;5;3;92,32
05/01/25;3;5;4;92,6
05/01/25;3;5;5;92,63
05/01/25;3;5;6;85,76
05/01/25;3;5;7;81,97
05/01/25;3;5;8;40
05/01/25;3;5;9;14,8
05/01/25;3;5;10;0
05/01/25;3;5;11;-3
05/01/25;3;5;12;-40,1
05/01/25;3;5;13;-79,2
05/01/25;3;5;14;-100,59
05/01/25;3;5;15;-100,63
05/01/25;3;5;16;-49,99
05/01/25;3;5;17;-5,17
05/01/25;3;5;18;37,62
05/01/25;3;5;19;92,59
05/01/25;3;5;20;85,95
05/01/25;3;5;21;82,49
05/01/25;3;5;22;96,04
05/01/25;3;5;23;97,1
05/01/25;3;5;24;86,5
05/02/25;4;5;1;88,54
05/02/25;4;5;2;73,03
05/02/25;4;5;3;62,83
05/02/25;4;5;4;62,38
05/02/25;4;5;5;66,33
05/02/25;4;5;6;76,6
05/02/25;4;5;7;87,84
05/02/25;4;5;8;79,75
05/02/25;4;5;9;13,63
05/02/25;4;5;10;8,44
05/02/25;4;5;11;0,85
05/02/25;4;5;12;-0,01
05/02/25;4;5;13;-0,8
05/02/25;4;5;14;-3
05/02/25;4;5;15;-4
05/02/25;4;5;16;-0,08
05/02/25;4;5;17;0,3
05/02/25;4;5;18;69,83
05/02/25;4;5;19;102,44
05/02/25;4;5;20;125,54
05/02/25;4;5;21;148,78
05/02/25;4;5;22;123,13
05/02/25;4;5;23;108,69
05/02/25;4;5;24;98,46
05/03/25;5;5;1;99,47
05/03/25;5;5;2;95,16
05/03/25;5;5;3;93,69
05/03/25;5;5;4;91,94
05/03/25;5;5;5;89,72
05/03/25;5;5;6;89,89
05/03/25;5;5;7;89
05/03/25;5;5;8;74,93
05/03/25;5;5;9;20,93
05/03/25;5;5;10;12,59
05/03/25;5;5;11;0,01
05/03/25;5;5;12;-0,01
05/03/25;5;5;13;-1,16
05/03/25;5;5;14;-3,04
05/03/25;5;5;15;-2,69
05/03/25;5;5;16;-0,03
05/03/25;5;5;17;0
05/03/25;5;5;18;29,46
05/03/25;5;5;19;81,71
05/03/25;5;5;20;94,9
05/03/25;5;5;21;123
05/03/25;5;5;22;103,17
05/03/25;5;5;23;85,88
05/03/25;5;5;24;72,37
05/04/25;6;5;1;61,54
05/04/25;6;5;2;45,85
05/04/25;6;5;3;33,47
05/04/25;6;5;4;21,14
05/04/25;6;5;5;20,31
05/04/25;6;5;6;15,58
05/04/25;6;5;7;13,62
05/04/25;6;5;8;7,83
05/04/25;6;5;9;2,93
05/04/25;6;5;10;0
05/04/25;6;5;11;-0,01
05/04/25;6;5;12;-0,01
05/04/25;6;5;13;-0,02
05/04/25;6;5;14;-2
05/04/25;6;5;15;-5,01
05/04/25;6;5;16;-1,59
05/04/25;6;5;17;-0,01
05/04/25;6;5;18;10,54
05/04/25;6;5;19;83,59
05/04/25;6;5;20;99,03
05/04/25;6;5;21;109,01
05/04/25;6;5;22;106,68
05/04/25;6;5;23;100,1
05/04/25;6;5;24;89,78
05/05/25;0;5;1;69,71
05/05/25;0;5;2;71,84
05/05/25;0;5;3;65,71
05/05/25;0;5;4;67,88
05/05/25;0;5;5;70,04
05/05/25;0;5;6;89,09
05/05/25;0;5;7;106,8
05/05/25;0;5;8;126,68
05/05/25;0;5;9;111
05/05/25;0;5;10;96,17
05/05/25;0;5;11;88,21
05/05/25;0;5;12;69,16
05/05/25;0;5;13;50
05/05/25;0;5;14;50
05/05/25;0;5;15;58,85
05/05/25;0;5;16;69,88
05/05/25;0;5;17;107,38
05/05/25;0;5;18;96,71
05/05/25;0;5;19;115,02
05/05/25;0;5;20;139,02
05/05/25;0;5;21;265,81
05/05/25;0;5;22;130,45
05/05/25;0;5;23;108,69
05/05/25;0;5;24;98,27
05/06/25;1;5;1;85,1
05/06/25;1;5;2;78,85
05/06/25;1;5;3;75,98
05/06/25;1;5;4;74,84
05/06/25;1;5;5;82,5
05/06/25;1;5;6;95,12
05/06/25;1;5;7;111,09
05/06/25;1;5;8;122,58
05/06/25;1;5;9;98,87
05/06/25;1;5;10;82,2
05/06/25;1;5;11;70,21
05/06/25;1;5;12;65,45
05/06/25;1;5;13;63,38
05/06/25;1;5;14;60,96
05/06/25;1;5;15;66,84
05/06/25;1;5;16;79,89
05/06/25;1;5;17;86,28
05/06/25;1;5;18;101,79
05/06/25;1;5;19;120,61
05/06/25;1;5;20;169,55
05/06/25;1;5;21;160,66
05/06/25;1;5;22;131,78
05/06/25;1;5;23;111,28
05/06/25;1;5;24;100,45
05/07/25;2;5;1;96,23
05/07/25;2;5;2;90,55
05/07/25;2;5;3;88,7
05/07/25;2;5;4;91,04
05/07/25;2;5;5;93,07
05/07/25;2;5;6;102,38
05/07/25;2;5;7;126,23
05/07/25;2;5;8;141,04
05/07/25;2;5;9;121,54
05/07/25;2;5;10;106,17
05/07/25;2;5;11;98,83
05/07/25;2;5;12;86,56
05/07/25;2;5;13;76,3
05/07/25;2;5;14;77,33
05/07/25;2;5;15;80,12
05/07/25;2;5;16;88,4
05/07/25;2;5;17;93,08
05/07/25;2;5;18;102,32
05/07/25;2;5;19;113,69
05/07/25;2;5;20;135,39
05/07/25;2;5;21;165,52
05/07/25;2;5;22;130,08
05/07/25;2;5;23;110,9
05/07/25;2;5;24;99,48
05/08/25;3;5;1;99,35
05/08/25;3;5;2;94,99
05/08/25;3;5;3;94,87
05/08/25;3;5;4;97,17
05/08/25;3;5;5;95,85
05/08/25;3;5;6;113,64
05/08/25;3;5;7;127,34
05/08/25;3;5;8;136,19
05/08/25;3;5;9;121,01
05/08/25;3;5;10;105,21
05/08/25;3;5;11;92,14
05/08/25;3;5;12;80,02
05/08/25;3;5;13;67,59
05/08/25;3;5;14;66,97
05/08/25;3;5;15;73,75
05/08/25;3;5;16;83,5
05/08/25;3;5;17;99,94
05/08/25;3;5;18;119,19
05/08/25;3;5;19;145,23
05/08/25;3;5;20;177
05/08/25;3;5;21;222,3
05/08/25;3;5;22;161,17
05/08/25;3;5;23;145,25
05/08/25;3;5;24;126,23
05/09/25;4;5;1;101,34
05/09/25;4;5;2;99,59
05/09/25;4;5;3;96,66
05/09/25;4;5;4;97,98
05/09/25;4;5;5;99,86
05/09/25;4;5;6;109,13
05/09/25;4;5;7;134,46
05/09/25;4;5;8;128,72
05/09/25;4;5;9;94,37
05/09/25;4;5;10;84,78
05/09/25;4;5;11;54,22
05/09/25;4;5;12;5,12
05/09/25;4;5;13;5,12
05/09/25;4;5;14;0,22
05/09/25;4;5;15;0,02
05/09/25;4;5;16;31,21
05/09/25;4;5;17;73,31
05/09/25;4;5;18;95,32
05/09/25;4;5;19;128,39
05/09/25;4;5;20;165,49
05/09/25;4;5;21;191,34
05/09/25;4;5;22;153,3
05/09/25;4;5;23;134,33
05/09/25;4;5;24;109,17
05/10/25;5;5;1;119,98
05/10/25;5;5;2;105,33
05/10/25;5;5;3;101,13
05/10/25;5;5;4;96,5
05/10/25;5;5;5;100,67
05/10/25;5;5;6;100,46
05/10/25;5;5;7;97,61
05/10/25;5;5;8;92,61
05/10/25;5;5;9;71,18
05/10/25;5;5;10;10
05/10/25;5;5;11;2,94
05/10/25;5;5;12;5,12
05/10/25;5;5;13;5
05/10/25;5;5;14;3
05/10/25;5;5;15;5,52
05/10/25;5;5;16;5,11
05/10/25;5;5;17;66,92
05/10/25;5;5;18;94,61
05/10/25;5;5;19;102,16
05/10/25;5;5;20;126,17
05/10/25;5;5;21;220,81
05/10/25;5;5;22;133,69
05/10/25;5;5;23;114,81
05/10/25;5;5;24;97,67
05/11/25;6;5;1;99,35
05/11/25;6;5;2;98,05
05/11/25;6;5;3;96,58
05/11/25;6;5;4;98,54
05/11/25;6;5;5;98,55
05/11/25;6;5;6;98,54
05/11/25;6;5;7;90,63
05/11/25;6;5;8;67,78
05/11/25;6;5;9;4,96
05/11/25;6;5;10;0
05/11/25;6;5;11;0
05/11/25;6;5;12;0,01
05/11/25;6;5;13;0,01
05/11/25;6;5;14;0
05/11/25;6;5;15;0
05/11/25;6;5;16;3
05/11/25;6;5;17;42,64
05/11/25;6;5;18;60,06
05/11/25;6;5;19;129,98
05/11/25;6;5;20;153,3
05/11/25;6;5;21;184
05/11/25;6;5;22;124,86
05/11/25;6;5;23;110,68
05/11/25;6;5;24;93,01
05/12/25;0;5;1;89,11
05/12/25;0;5;2;84,21
05/12/25;0;5;3;83,78
05/12/25;0;5;4;84,4
05/12/25;0;5;5;87,95
05/12/25;0;5;6;105,05
05/12/25;0;5;7;155,92
05/12/25;0;5;8;157,53
05/12/25;0;5;9;120,18
05/12/25;0;5;10;84,87
05/12/25;0;5;11;48,26
05/12/25;0;5;12;38,14
05/12/25;0;5;13;55
05/12/25;0;5;14;58
05/12/25;0;5;15;57,22
05/12/25;0;5;16;65
05/12/25;0;5;17;83,33
05/12/25;0;5;18;111,38
05/12/25;0;5;19;178,22
05/12/25;0;5;20;263,17
05/12/25;0;5;21;361,77
05/12/25;0;5;22;167,76
05/12/25;0;5;23;163,22
05/12/25;0;5;24;109,88
05/13/25;1;5;1;104,56
05/13/25;1;5;2;95,23
05/13/25;1;5;3;94,31
05/13/25;1;5;4;96,39
05/13/25;1;5;5;99,34
05/13/25;1;5;6;116,79
05/13/25;1;5;7;137,26
05/13/25;1;5;8;128,53
05/13/25;1;5;9;100,45
05/13/25;1;5;10;81,77
05/13/25;1;5;11;29,44
05/13/25;1;5;12;15,33
05/13/25;1;5;13;26,73
05/13/25;1;5;14;36,99
05/13/25;1;5;15;39,3
05/13/25;1;5;16;49,63
05/13/25;1;5;17;87,95
05/13/25;1;5;18;93
05/13/25;1;5;19;115,26
05/13/25;1;5;20;175,78
05/13/25;1;5;21;321,14
05/13/25;1;5;22;157,84
05/13/25;1;5;23;128,54
05/13/25;1;5;24;108,11
05/14/25;2;5;1;113,82
05/14/25;2;5;2;104,81
05/14/25;2;5;3;104,18
05/14/25;2;5;4;102,11
05/14/25;2;5;5;102,13
05/14/25;2;5;6;110,03
05/14/25;2;5;7;138,55
05/14/25;2;5;8;122,11
05/14/25;2;5;9;99,73
05/14/25;2;5;10;72,55
05/14/25;2;5;11;9,91
05/14/25;2;5;12;12,69
05/14/25;2;5;13;17,79
05/14/25;2;5;14;14,17
05/14/25;2;5;15;15,82
05/14/25;2;5;16;28,51
05/14/25;2;5;17;60,4
05/14/25;2;5;18;116,85
05/14/25;2;5;19;153,3
05/14/25;2;5;20;214,54
05/14/25;2;5;21;353,1
05/14/25;2;5;22;142,34
05/14/25;2;5;23;116,67
05/14/25;2;5;24;107,33
05/15/25;3;5;1;105,02
05/15/25;3;5;2;96,8
05/15/25;3;5;3;94,76
05/15/25;3;5;4;95,66
05/15/25;3;5;5;98,04
05/15/25;3;5;6;105,68
05/15/25;3;5;7;126,61
05/15/25;3;5;8;131
05/15/25;3;5;9;99,71
05/15/25;3;5;10;70,34
05/15/25;3;5;11;13,62
05/15/25;3;5;12;8,44
05/15/25;3;5;13;8,43
05/15/25;3;5;14;12,77
05/15/25;3;5;15;15,47
05/15/25;3;5;16;44,18
05/15/25;3;5;17;80,49
05/15/25;3;5;18;90,89
05/15/25;3;5;19;109,87
05/15/25;3;5;20;136,98
05/15/25;3;5;21;166,49
05/15/25;3;5;22;129,91
05/15/25;3;5;23;113,27
05/15/25;3;5;24;107,03
05/16/25;4;5;1;100,04
05/16/25;4;5;2;90,16
05/16/25;4;5;3;87,42
05/16/25;4;5;4;86,65
05/16/25;4;5;5;90,49
05/16/25;4;5;6;97,37
05/16/25;4;5;7;111,1
05/16/25;4;5;8;116,65
05/16/25;4;5;9;108,8
05/16/25;4;5;10;94,76
05/16/25;4;5;11;88,15
05/16/25;4;5;12;60
05/16/25;4;5;13;44,69
05/16/25;4;5;14;54,09
05/16/25;4;5;15;60
05/16/25;4;5;16;88,17
05/16/25;4;5;17;93,23
05/16/25;4;5;18;106,06
05/16/25;4;5;19;153,29
05/16/25;4;5;20;130,34
05/16/25;4;5;21;196,33
05/16/25;4;5;22;153,29
05/16/25;4;5;23;116,86
05/16/25;4;5;24;119,31
05/17/25;5;5;1;94,21
05/17/25;5;5;2;94,36
05/17/25;5;5;3;89,46
05/17/25;5;5;4;89,77
05/17/25;5;5;5;91,05
05/17/25;5;5;6;95,81
05/17/25;5;5;7;92,68
05/17/25;5;5;8;90,5
05/17/25;5;5;9;60,43
05/17/25;5;5;10;1
05/17/25;5;5;11;0
05/17/25;5;5;12;0
05/17/25;5;5;13;-0,01
05/17/25;5;5;14;-0,02
05/17/25;5;5;15;0
05/17/25;5;5;16;0
05/17/25;5;5;17;13,63
05/17/25;5;5;18;57,37
05/17/25;5;5;19;127,67
05/17/25;5;5;20;157,11
05/17/25;5;5;21;236,8
05/17/25;5;5;22;169,51
05/17/25;5;5;23;153,29
05/17/25;5;5;24;147,21
05/18/25;6;5;1;108,08
05/18/25;6;5;2;102,45
05/18/25;6;5;3;99,56
05/18/25;6;5;4;98,38
05/18/25;6;5;5;99,34
05/18/25;6;5;6;99
05/18/25;6;5;7;92,11
05/18/25;6;5;8;87,99
05/18/25;6;5;9;45,32
05/18/25;6;5;10;8,56
05/18/25;6;5;11;0
05/18/25;6;5;12;-0,2
05/18/25;6;5;13;-2
05/18/25;6;5;14;-7,37
05/18/25;6;5;15;0
05/18/25;6;5;16;0
05/18/25;6;5;17;0
05/18/25;6;5;18;25,34
05/18/25;6;5;19;96,02
05/18/25;6;5;20;131
05/18/25;6;5;21;153,3
05/18/25;6;5;22;132,39
05/18/25;6;5;23;120,04
05/18/25;6;5;24;105,82
05/19/25;0;5;1;112,56
05/19/25;0;5;2;105,98
05/19/25;0;5;3;99,06
05/19/25;0;5;4;95,88
05/19/25;0;5;5;105,75
05/19/25;0;5;6;118,57
05/19/25;0;5;7;139,58
05/19/25;0;5;8;135,16
05/19/25;0;5;9;96
05/19/25;0;5;10;65
05/19/25;0;5;11;20,03
05/19/25;0;5;12;29,03
05/19/25;0;5;13;12,77
05/19/25;0;5;14;5
05/19/25;0;5;15;8
05/19/25;0;5;16;29
05/19/25;0;5;17;81,99
05/19/25;0;5;18;105,36
05/19/25;0;5;19;124,08
05/19/25;0;5;20;153,29
05/19/25;0;5;21;230,28
05/19/25;0;5;22;153,85
05/19/25;0;5;23;136,23
05/19/25;0;5;24;119,34
05/20/25;1;5;1;121,89
05/20/25;1;5;2;110,55
05/20/25;1;5;3;107,96
05/20/25;1;5;4;111,42
05/20/25;1;5;5;123,84
05/20/25;1;5;6;133,98
05/20/25;1;5;7;145,25
05/20/25;1;5;8;134,4
05/20/25;1;5;9;88,83
05/20/25;1;5;10;31,61
05/20/25;1;5;11;55
05/20/25;1;5;12;15,99
05/20/25;1;5;13;24,1
05/20/25;1;5;14;26,34
05/20/25;1;5;15;38,41
05/20/25;1;5;16;63,22
05/20/25;1;5;17;93,92
05/20/25;1;5;18;109,38
05/20/25;1;5;19;140,91
05/20/25;1;5;20;242,78
05/20/25;1;5;21;298,63
05/20/25;1;5;22;176,41
05/20/25;1;5;23;136,97
05/20/25;1;5;24;114,82
05/21/25;2;5;1;196,44
05/21/25;2;5;2;180,16
05/21/25;2;5;3;176,2
05/21/25;2;5;4;181,11
05/21/25;2;5;5;193,89
05/21/25;2;5;6;221,78
05/21/25;2;5;7;223,97
05/21/25;2;5;8;138
05/21/25;2;5;9;89,44
05/21/25;2;5;10;84,82
05/21/25;2;5;11;42,22
05/21/25;2;5;12;57,3
05/21/25;2;5;13;50
05/21/25;2;5;14;45,17
05/21/25;2;5;15;60,96
05/21/25;2;5;16;101,77
05/21/25;2;5;17;117,33
05/21/25;2;5;18;178,77
05/21/25;2;5;19;226,18
05/21/25;2;5;20;292,13
05/21/25;2;5;21;355
05/21/25;2;5;22;189,04
05/21/25;2;5;23;158
05/21/25;2;5;24;158,77
05/22/25;3;5;1;104,93
05/22/25;3;5;2;95,73
05/22/25;3;5;3;89,78
05/22/25;3;5;4;90,54
05/22/25;3;5;5;90,65
05/22/25;3;5;6;97,46
05/22/25;3;5;7;117,39
05/22/25;3;5;8;120,39
05/22/25;3;5;9;106,49
05/22/25;3;5;10;88,5
05/22/25;3;5;11;70,09
05/22/25;3;5;12;65,52
05/22/25;3;5;13;40,89
05/22/25;3;5;14;52,87
05/22/25;3;5;15;65,01
05/22/25;3;5;16;92,96
05/22/25;3;5;17;98,66
05/22/25;3;5;18;110,08
05/22/25;3;5;19;123,79
05/22/25;3;5;20;132,38
05/22/25;3;5;21;183,66
05/22/25;3;5;22;137,35
05/22/25;3;5;23;121,47
05/22/25;3;5;24;115,61
05/23/25;4;5;1;108,5
05/23/25;4;5;2;99,49
05/23/25;4;5;3;92,84
05/23/25;4;5;4;92,52
05/23/25;4;5;5;100,68
05/23/25;4;5;6;116,43
05/23/25;4;5;7;138,42
05/23/25;4;5;8;145
05/23/25;4;5;9;127,36
05/23/25;4;5;10;97,3
05/23/25;4;5;11;87,8
05/23/25;4;5;12;74,16
05/23/25;4;5;13;46,18
05/23/25;4;5;14;45,37
05/23/25;4;5;15;55
05/23/25;4;5;16;77,37
05/23/25;4;5;17;98,56
05/23/25;4;5;18;99,63
05/23/25;4;5;19;126,87
05/23/25;4;5;20;149,76
05/23/25;4;5;21;215,53
05/23/25;4;5;22;151,61
05/23/25;4;5;23;129,37
05/23/25;4;5;24;112,54
05/24/25;5;5;1;112,45
05/24/25;5;5;2;98,88
05/24/25;5;5;3;94,46
05/24/25;5;5;4;89,9
05/24/25;5;5;5;89
05/24/25;5;5;6;89
05/24/25;5;5;7;89,99
05/24/25;5;5;8;78,2
05/24/25;5;5;9;63,35
05/24/25;5;5;10;12,26
05/24/25;5;5;11;0,84
05/24/25;5;5;12;7,69
05/24/25;5;5;13;8,44
05/24/25;5;5;14;10,23
05/24/25;5;5;15;14,8
05/24/25;5;5;16;15
05/24/25;5;5;17;55,09
05/24/25;5;5;18;70,65
05/24/25;5;5;19;95,39
05/24/25;5;5;20;122,53
05/24/25;5;5;21;176,7
05/24/25;5;5;22;137,91
05/24/25;5;5;23;130,29
05/24/25;5;5;24;102,02
05/25/25;6;5;1;89,02
05/25/25;6;5;2;59,22
05/25/25;6;5;3;25,92
05/25/25;6;5;4;10,11
05/25/25;6;5;5;8
05/25/25;6;5;6;6,41
05/25/25;6;5;7;1,48
05/25/25;6;5;8;1,41
05/25/25;6;5;9;3,62
05/25/25;6;5;10;3,51
05/25/25;6;5;11;12,26
05/25/25;6;5;12;21,64
05/25/25;6;5;13;30
05/25/25;6;5;14;17,77
05/25/25;6;5;15;18,09
05/25/25;6;5;16;30
05/25/25;6;5;17;6,16
05/25/25;6;5;18;17,52
05/25/25;6;5;19;68,03
05/25/25;6;5;20;100,9
05/25/25;6;5;21;116,36
05/25/25;6;5;22;115,97
05/25/25;6;5;23;105,22
05/25/25;6;5;24;96,25
05/26/25;0;5;1;95
05/26/25;0;5;2;87,63
05/26/25;0;5;3;84,68
05/26/25;0;5;4;83,54
05/26/25;0;5;5;88,41
05/26/25;0;5;6;98,55
05/26/25;0;5;7;127,2
05/26/25;0;5;8;150,04
05/26/25;0;5;9;135,45
05/26/25;0;5;10;99,69
05/26/25;0;5;11;85,06
05/26/25;0;5;12;51,51
05/26/25;0;5;13;33,87
05/26/25;0;5;14;30
05/26/25;0;5;15;19,83
05/26/25;0;5;16;15,01
05/26/25;0;5;17;59,46
05/26/25;0;5;18;98,84
05/26/25;0;5;19;129,69
05/26/25;0;5;20;162,66
05/26/25;0;5;21;240,25
05/26/25;0;5;22;175,15
05/26/25;0;5;23;144,21
05/26/25;0;5;24;113,87
05/27/25;1;5;1;105,78
05/27/25;1;5;2;94,11
05/27/25;1;5;3;87,61
05/27/25;1;5;4;85,92
05/27/25;1;5;5;89,02
05/27/25;1;5;6;95,86
05/27/25;1;5;7;111,66
05/27/25;1;5;8;94,02
05/27/25;1;5;9;70,23
05/27/25;1;5;10;51,98
05/27/25;1;5;11;4,51
05/27/25;1;5;12;3,43
05/27/25;1;5;13;0,2
05/27/25;1;5;14;2,94
05/27/25;1;5;15;8,43
05/27/25;1;5;16;18,82
05/27/25;1;5;17;61
05/27/25;1;5;18;92
05/27/25;1;5;19;117,2
05/27/25;1;5;20;143,95
05/27/25;1;5;21;218,84
05/27/25;1;5;22;148,57
05/27/25;1;5;23;118,86
05/27/25;1;5;24;99,37
05/28/25;2;5;1;92,02
05/28/25;2;5;2;76,94
05/28/25;2;5;3;74,1
05/28/25;2;5;4;69,6
05/28/25;2;5;5;73,3
05/28/25;2;5;6;84,18
05/28/25;2;5;7;98,79
05/28/25;2;5;8;102,78
05/28/25;2;5;9;98,16
05/28/25;2;5;10;66,41
05/28/25;2;5;11;80,18
05/28/25;2;5;12;69,15
05/28/25;2;5;13;67,91
05/28/25;2;5;14;52,27
05/28/25;2;5;15;58,9
05/28/25;2;5;16;59,56
05/28/25;2;5;17;76,13
05/28/25;2;5;18;112,05
05/28/25;2;5;19;130,9
05/28/25;2;5;20;141,38
05/28/25;2;5;21;172,95
05/28/25;2;5;22;138,98
05/28/25;2;5;23;124,41
05/28/25;2;5;24;110,83
05/29/25;3;5;1;96,74
05/29/25;3;5;2;92,31
05/29/25;3;5;3;90,42
05/29/25;3;5;4;89,99
05/29/25;3;5;5;89,78
05/29/25;3;5;6;90,25
05/29/25;3;5;7;98,77
05/29/25;3;5;8;82,37
05/29/25;3;5;9;81,87
05/29/25;3;5;10;60,83
05/29/25;3;5;11;18
05/29/25;3;5;12;2,94
05/29/25;3;5;13;5,61
05/29/25;3;5;14;10,53
05/29/25;3;5;15;12,05
05/29/25;3;5;16;19,75
05/29/25;3;5;17;33,63
05/29/25;3;5;18;82,45
05/29/25;3;5;19;108,53
05/29/25;3;5;20;122,1
05/29/25;3;5;21;164
05/29/25;3;5;22;133,35
05/29/25;3;5;23;102,68
05/29/25;3;5;24;85,68
05/30/25;4;5;1;73,19
05/30/25;4;5;2;57,81
05/30/25;4;5;3;41,35
05/30/25;4;5;4;33,95
05/30/25;4;5;5;37,39
05/30/25;4;5;6;57,25
05/30/25;4;5;7;89,02
05/30/25;4;5;8;68,38
05/30/25;4;5;9;53,01
05/30/25;4;5;10;29,13
05/30/25;4;5;11;2,94
05/30/25;4;5;12;2,94
05/30/25;4;5;13;4,02
05/30/25;4;5;14;0,77
05/30/25;4;5;15;0,04
05/30/25;4;5;16;0,12
05/30/25;4;5;17;0,14
05/30/25;4;5;18;29,2
05/30/25;4;5;19;80,72
05/30/25;4;5;20;132,52
05/30/25;4;5;21;176,49
05/30/25;4;5;22;146,56
05/30/25;4;5;23;130,19
05/30/25;4;5;24;108,27
05/31/25;5;5;1;107
05/31/25;5;5;2;101,02
05/31/25;5;5;3;100,62
05/31/25;5;5;4;101,67
05/31/25;5;5;5;102,7
05/31/25;5;5;6;100,67
05/31/25;5;5;7;90,05
05/31/25;5;5;8;78,7
05/31/25;5;5;9;54,32
05/31/25;5;5;10;1
05/31/25;5;5;11;-0,02
05/31/25;5;5;12;-1
05/31/25;5;5;13;-3,07
05/31/25;5;5;14;-13,17
05/31/25;5;5;15;-7,75
05/31/25;5;5;16;-3
05/31/25;5;5;17;0,03
05/31/25;5;5;18;43,43
05/31/25;5;5;19;88,82
05/31/25;5;5;20;131,34
05/31/25;5;5;21;244,16
05/31/25;5;5;22;191,07
05/31/25;5;5;23;131,15
05/31/25;5;5;24;103,19
06/01/25;6;6;1;98,69
06/01/25;6;6;2;85,15
06/01/25;6;6;3;79,58
06/01/25;6;6;4;72,89
06/01/25;6;6;5;69,74
06/01/25;6;6;6;63,38
06/01/25;6;6;7;34,87
06/01/25;6;6;8;13
06/01/25;6;6;9;2,4
06/01/25;6;6;10;-0,01
06/01/25;6;6;11;-0,6
06/01/25;6;6;12;-2,11
06/01/25;6;6;13;-5,48
06/01/25;6;6;14;-12,93
06/01/25;6;6;15;-20,41
06/01/25;6;6;16;-15,61
06/01/25;6;6;17;0
06/01/25;6;6;18;26,1
06/01/25;6;6;19;88,36
06/01/25;6;6;20;151,93
06/01/25;6;6;21;139,79
06/01/25;6;6;22;135,99
06/01/25;6;6;23;110,54
06/01/25;6;6;24;97,81
06/02/25;0;6;1;93,62
06/02/25;0;6;2;87,8
06/02/25;0;6;3;82,44
06/02/25;0;6;4;83,34
06/02/25;0;6;5;96,45
06/02/25;0;6;6;102,89
06/02/25;0;6;7;111,63
06/02/25;0;6;8;108,85
06/02/25;0;6;9;92,5
06/02/25;0;6;10;84,21
06/02/25;0;6;11;49,21
06/02/25;0;6;12;33,21
06/02/25;0;6;13;20
06/02/25;0;6;14;12,78
06/02/25;0;6;15;11
06/02/25;0;6;16;19,75
06/02/25;0;6;17;60
06/02/25;0;6;18;97,01
06/02/25;0;6;19;157,48
06/02/25;0;6;20;296,35
06/02/25;0;6;21;408,74
06/02/25;0;6;22;248,16
06/02/25;0;6;23;147,44
06/02/25;0;6;24;121,84
